temperature_2m_mean,temperature_2m_min,shortwave_radiation_sum,daylight_duration,sunshine_duration,et0_fao_evapotranspiration,rain_sum,precipitation_sum,wind_speed_10m_max,wind_gusts_10m_max,month,apparent_temperature_max,datetime
26.3,22.8,16.8,40601.74,36354.61,3.6,3.0,3.0,18.5,56.2,1,34.1,2020-01-01
26.7,22.9,19.18,40613.83,36596.39,4.24,0.1,0.1,15.6,51.1,1,34.3,2020-01-02
25.8,21.8,19.77,40626.99,36371.84,4.38,0.0,0.0,17.6,39.2,1,32.6,2020-01-03
25.5,20.8,18.11,40641.2,36672.16,4.04,0.0,0.0,16.3,37.1,1,33.4,2020-01-04
26.1,22.7,19.31,40656.43,36598.13,4.5,0.0,0.0,21.3,46.4,1,31.1,2020-01-05
26.0,21.7,19.89,40672.65,36691.47,4.61,0.0,0.0,18.5,41.8,1,33.3,2020-01-06
26.3,21.6,17.06,40689.86,36592.36,3.9,12.1,12.1,18.0,44.6,1,35.6,2020-01-07
26.6,23.4,17.18,40708.0,36531.55,3.75,0.9,0.9,14.1,32.4,1,34.2,2020-01-08
25.8,21.9,17.86,40727.08,36871.41,4.03,0.0,0.0,18.1,39.2,1,33.4,2020-01-09
25.4,21.5,16.91,40747.06,36753.77,3.77,1.7,1.7,15.9,34.6,1,33.0,2020-01-10
26.0,21.1,16.7,40767.91,36882.62,3.85,0.3,0.3,16.2,36.0,1,33.0,2020-01-11
25.8,22.1,16.47,40789.62,36072.96,3.33,1.7,1.7,9.3,25.6,1,33.6,2020-01-12
25.8,22.6,15.04,40812.16,32214.02,3.13,3.6,3.6,9.4,24.5,1,34.2,2020-01-13
26.2,23.4,15.36,40835.5,36882.9,3.38,1.8,1.8,9.5,22.0,1,34.5,2020-01-14
26.2,23.2,17.26,40859.89,37125.16,3.84,0.2,0.2,16.8,37.8,1,32.6,2020-01-15
26.8,22.2,17.97,40885.4,36765.27,4.02,0.0,0.0,12.4,28.8,1,36.1,2020-01-16
26.5,23.9,13.5,40912.0,36565.52,2.79,1.3,1.3,9.6,33.8,1,33.5,2020-01-17
26.9,24.7,13.61,40939.63,36901.79,3.09,3.5,3.5,12.4,34.2,1,34.7,2020-01-18
26.3,23.5,14.5,40968.25,36145.89,3.24,2.4,2.4,10.1,22.7,1,33.3,2020-01-19
25.6,21.9,13.78,40997.8,35645.65,3.6,0.1,0.1,20.2,42.5,1,31.2,2020-01-20
25.5,22.1,16.86,41028.25,37665.02,4.44,0.0,0.0,24.0,50.8,1,29.2,2020-01-21
25.1,20.3,21.46,41059.54,37833.04,5.07,0.0,0.0,22.7,48.6,1,30.8,2020-01-22
25.5,21.8,19.25,41091.62,37733.83,4.65,0.0,0.0,21.3,45.4,1,31.1,2020-01-23
25.3,22.4,10.15,41124.46,20362.94,2.36,3.4,3.4,14.4,40.3,1,32.4,2020-01-24
26.1,23.2,14.26,41158.0,37371.58,3.19,1.9,1.9,18.4,40.7,1,31.9,2020-01-25
26.7,22.9,19.34,41192.2,37766.85,4.02,0.9,0.9,11.9,31.0,1,35.9,2020-01-26
26.7,23.3,21.58,41227.01,37866.71,4.58,0.0,0.0,12.8,31.3,1,35.8,2020-01-27
26.4,21.7,21.05,41262.39,37966.7,4.46,0.0,0.0,10.2,27.7,1,35.1,2020-01-28
26.2,22.1,21.07,41298.3,37998.38,4.42,0.3,0.3,11.9,29.5,1,34.0,2020-01-29
25.7,22.0,17.19,41334.7,37932.96,3.68,0.1,0.1,12.3,25.2,1,32.8,2020-01-30
24.9,21.1,18.01,41371.54,37466.99,3.8,1.0,1.0,10.4,28.4,1,32.8,2020-01-31
24.5,20.5,19.0,41408.77,38159.54,4.28,0.3,0.3,17.3,39.2,2,30.0,2020-02-01
24.3,20.3,17.09,41446.36,37523.38,4.01,0.1,0.1,19.5,42.8,2,29.9,2020-02-02
24.0,20.5,15.66,41484.28,35734.13,3.9,0.1,0.1,22.1,48.2,2,28.3,2020-02-03
24.4,18.7,18.33,41522.84,38317.88,4.4,0.0,0.0,18.5,40.7,2,29.9,2020-02-04
25.8,20.2,17.83,41562.2,38199.22,4.2,0.1,0.1,13.5,30.2,2,33.8,2020-02-05
26.5,22.2,16.78,41602.29,37959.04,4.07,0.5,0.5,20.8,45.4,2,33.1,2020-02-06
26.5,23.4,12.5,41643.07,32777.18,2.84,4.6,4.6,9.6,34.6,2,34.5,2020-02-07
26.7,23.8,15.06,41684.5,32535.67,3.41,2.7,2.7,15.5,41.0,2,34.0,2020-02-08
25.5,23.7,9.35,41726.51,15845.21,2.22,0.6,0.6,11.5,27.7,2,30.8,2020-02-09
25.3,22.7,19.51,41769.08,38242.01,4.61,0.0,0.0,23.4,49.7,2,30.2,2020-02-10
25.1,20.6,21.01,41812.14,38582.18,5.08,0.0,0.0,21.7,47.2,2,30.4,2020-02-11
25.1,19.6,22.24,41855.66,38769.09,5.25,0.0,0.0,23.1,49.3,2,31.2,2020-02-12
25.3,20.3,17.29,41899.59,38466.67,4.06,0.9,0.9,19.6,43.6,2,31.3,2020-02-13
26.4,21.3,18.54,41943.89,38738.11,4.65,0.0,0.0,22.4,49.3,2,32.0,2020-02-14
26.8,22.1,21.37,41988.5,38846.8,5.34,0.0,0.0,24.1,51.5,2,32.8,2020-02-15
27.0,21.5,19.94,42033.39,39043.36,4.75,0.0,0.0,15.6,37.1,2,35.9,2020-02-16
26.7,22.1,18.19,42078.51,38982.29,4.07,2.5,2.5,12.4,27.0,2,35.6,2020-02-17
26.2,22.6,19.63,42123.83,38651.97,4.62,0.0,0.0,20.2,44.6,2,32.3,2020-02-18
25.3,20.7,22.84,42169.29,39119.89,5.51,0.0,0.0,21.7,47.9,2,31.6,2020-02-19
25.5,22.4,24.19,42214.86,39326.28,5.8,0.0,0.0,20.9,47.2,2,30.9,2020-02-20
25.3,20.4,20.54,42260.51,38519.23,5.15,0.0,0.0,27.5,58.7,2,30.6,2020-02-21
25.4,20.2,24.13,42306.18,39376.9,5.74,0.0,0.0,22.9,50.0,2,31.9,2020-02-22
26.0,20.8,20.48,42351.84,38925.41,4.98,0.0,0.0,23.7,51.5,2,32.5,2020-02-23
26.8,23.3,20.33,42397.82,39424.01,4.78,0.2,0.2,20.2,53.6,2,33.4,2020-02-24
26.6,22.3,20.64,42444.27,39153.07,4.99,0.0,0.0,21.0,54.0,2,32.7,2020-02-25
26.3,20.7,16.84,42491.16,39197.28,4.17,0.3,0.3,15.9,39.2,2,33.7,2020-02-26
26.8,22.5,23.31,42538.43,39186.63,5.47,0.1,0.1,21.2,47.5,2,33.4,2020-02-27
26.3,21.6,21.2,42586.06,39913.97,5.22,0.0,0.0,21.6,49.3,2,33.0,2020-02-28
27.1,22.9,22.2,42634.0,39937.8,5.69,0.0,0.0,23.5,51.5,2,33.6,2020-02-29
27.0,22.0,19.11,42682.23,40065.11,4.92,0.0,0.0,16.9,41.8,3,34.1,2020-03-01
27.1,21.9,23.91,42730.68,40223.09,5.92,0.0,0.0,22.5,49.7,3,34.0,2020-03-02
27.1,21.3,21.12,42779.34,40217.91,5.34,0.0,0.0,21.3,46.8,3,34.7,2020-03-03
27.1,22.1,18.09,42828.17,40240.71,4.72,0.1,0.1,18.0,40.3,3,33.9,2020-03-04
27.0,20.8,23.88,42877.12,40375.5,5.56,0.0,0.0,17.2,38.2,3,38.1,2020-03-05
28.1,23.5,20.73,42926.16,40426.34,4.88,0.0,0.0,14.5,28.8,3,38.2,2020-03-06
28.4,23.7,21.51,42975.26,40079.14,5.01,0.4,0.4,16.9,36.0,3,37.9,2020-03-07
28.7,24.7,22.26,43024.38,40095.9,5.1,1.4,1.4,16.1,38.5,3,38.8,2020-03-08
29.1,24.8,22.6,43073.48,40341.49,5.27,0.9,0.9,15.3,37.1,3,38.4,2020-03-09
28.9,24.8,22.24,43122.52,40127.18,5.0,1.7,1.7,10.6,27.7,3,38.7,2020-03-10
28.4,24.9,18.75,43171.48,40376.18,4.76,0.7,0.7,19.3,41.4,3,36.1,2020-03-11
28.4,24.7,23.28,43220.31,40729.15,6.26,0.0,0.0,25.3,56.5,3,34.1,2020-03-12
28.6,23.3,21.45,43268.99,40778.9,5.63,0.2,0.2,18.7,43.2,3,36.1,2020-03-13
28.1,22.7,22.87,43317.47,40828.32,5.51,0.4,0.4,15.7,37.8,3,37.1,2020-03-14
27.1,23.3,18.12,43366.07,39002.46,4.11,3.2,3.2,10.7,28.8,3,34.9,2020-03-15
27.8,24.3,19.99,43414.91,40926.77,4.93,0.5,0.5,18.4,46.8,3,34.7,2020-03-16
27.7,23.9,19.65,43463.99,40976.2,4.98,0.0,0.0,20.9,46.1,3,34.9,2020-03-17
27.8,24.1,23.57,43513.25,41025.73,5.81,0.5,0.5,20.4,44.6,3,35.8,2020-03-18
27.9,22.2,23.82,43562.68,41075.32,5.82,0.3,0.3,20.1,42.5,3,36.4,2020-03-19
28.3,23.3,21.95,43612.22,41124.93,5.26,2.8,2.8,14.2,30.2,3,36.9,2020-03-20
28.5,23.3,22.29,43661.86,41174.52,5.75,0.1,0.1,18.8,43.2,3,36.0,2020-03-21
29.2,24.8,22.68,43711.57,41224.09,5.73,0.2,0.2,16.4,37.4,3,37.9,2020-03-22
28.9,23.3,25.23,43761.3,41273.57,6.63,0.0,0.0,19.6,44.6,3,37.4,2020-03-23
28.1,21.9,22.46,43811.02,41322.95,5.84,0.3,0.3,18.5,43.2,3,36.3,2020-03-24
28.3,24.2,25.99,43860.71,41372.19,6.88,0.0,0.0,25.0,54.7,3,34.6,2020-03-25
28.4,22.8,25.15,43910.32,41421.27,6.57,0.0,0.0,21.7,48.6,3,35.4,2020-03-26
28.5,23.5,22.47,43959.84,41470.13,5.76,0.6,0.6,21.7,50.8,3,35.5,2020-03-27
29.5,24.6,23.96,44009.21,41518.76,6.58,0.0,0.0,21.5,47.2,3,37.4,2020-03-28
29.3,24.7,24.07,44058.41,41567.14,6.38,0.3,0.3,21.8,49.3,3,36.4,2020-03-29
29.1,24.8,21.85,44107.41,41615.2,5.97,1.1,1.1,20.5,46.1,3,36.3,2020-03-30
29.4,24.3,23.26,44156.17,41662.94,6.47,0.0,0.0,20.6,47.2,3,36.0,2020-03-31
29.4,23.7,23.13,44204.66,41710.32,6.07,1.7,1.7,19.6,43.2,4,37.8,2020-04-01
29.1,25.7,23.3,44252.83,41757.31,6.25,0.5,0.5,22.2,50.4,4,35.5,2020-04-02
28.7,22.5,23.74,44300.67,41803.83,6.38,0.1,0.1,20.9,46.1,4,37.2,2020-04-03
29.0,23.5,23.22,44348.45,41849.95,6.05,0.1,0.1,17.2,36.7,4,38.5,2020-04-04
28.8,24.2,26.17,44396.32,41896.05,7.07,0.0,0.0,19.3,43.2,4,36.2,2020-04-05
28.6,22.7,23.98,44444.23,41942.11,6.34,0.1,0.1,21.0,45.0,4,36.0,2020-04-06
29.2,24.7,22.98,44492.16,41988.09,5.5,1.3,1.3,14.8,34.2,4,37.3,2020-04-07
29.2,25.5,20.74,44540.07,42033.96,4.94,2.8,2.8,13.4,34.6,4,37.2,2020-04-08
28.5,25.5,19.24,44587.94,41937.46,4.27,4.7,4.7,12.0,31.7,4,36.7,2020-04-09
29.0,24.8,19.82,44635.73,41560.79,5.15,0.7,0.7,16.9,38.9,4,37.1,2020-04-10
29.1,25.2,18.72,44683.41,42170.63,4.77,0.1,0.1,17.3,40.0,4,36.5,2020-04-11
28.9,26.0,20.19,44730.94,42215.77,4.64,0.9,0.9,13.4,33.8,4,36.9,2020-04-12
28.4,25.0,19.21,44778.3,35666.36,4.3,3.9,3.9,8.7,28.1,4,38.7,2020-04-13
27.5,25.4,17.91,44825.44,40007.95,4.32,2.6,2.6,18.5,45.7,4,33.0,2020-04-14
28.3,24.7,21.97,44872.34,41341.21,5.04,2.0,2.0,13.6,34.6,4,37.4,2020-04-15
28.0,24.1,21.06,44918.95,39132.86,4.62,4.3,4.3,10.5,29.9,4,38.2,2020-04-16
29.0,24.9,21.33,44965.24,41981.49,5.25,1.5,1.5,16.7,38.5,4,37.3,2020-04-17
29.5,25.7,20.96,45011.18,41455.0,5.09,0.7,0.7,15.0,36.7,4,38.8,2020-04-18
30.0,26.1,23.05,45056.73,42522.84,6.31,0.0,0.0,20.8,44.6,4,38.4,2020-04-19
30.0,25.1,22.76,45101.85,42558.95,5.8,1.5,1.5,17.8,42.1,4,39.1,2020-04-20
30.4,25.7,26.27,45146.5,42567.7,7.07,0.0,0.0,22.4,47.9,4,39.0,2020-04-21
30.6,26.4,20.48,45190.65,42576.84,5.61,0.2,0.2,17.8,37.4,4,39.8,2020-04-22
30.5,26.1,23.24,45234.26,42586.39,5.95,0.3,0.3,17.8,39.2,4,40.7,2020-04-23
30.5,26.1,24.74,45277.59,42596.23,6.78,0.0,0.0,20.2,45.4,4,38.7,2020-04-24
30.3,26.0,23.18,45320.79,42606.32,6.05,0.2,0.2,19.6,43.6,4,38.4,2020-04-25
30.2,26.5,21.13,45363.8,42616.66,5.6,0.2,0.2,17.9,42.5,4,38.5,2020-04-26
29.9,25.3,22.71,45406.61,42627.27,5.79,2.5,2.5,18.4,41.4,4,38.2,2020-04-27
29.7,23.7,26.31,45449.18,42638.12,6.95,0.0,0.0,20.4,46.1,4,39.4,2020-04-28
29.6,24.7,19.77,45491.46,42649.23,5.36,0.1,0.1,18.1,41.8,4,37.0,2020-04-29
30.0,26.0,22.23,45533.44,42660.61,6.08,0.0,0.0,22.0,48.2,4,37.7,2020-04-30
30.1,25.3,23.46,45575.06,42672.23,6.31,0.2,0.2,18.5,42.8,5,38.2,2020-05-01
30.6,25.5,24.1,45616.3,42684.11,6.48,0.4,0.4,17.3,41.8,5,39.1,2020-05-02
29.9,27.0,16.48,45657.11,31816.72,4.23,7.4,7.4,16.3,37.1,5,37.5,2020-05-03
31.5,27.1,23.87,45697.46,42708.63,6.51,0.5,0.5,20.8,46.1,5,40.8,2020-05-04
31.6,27.8,24.55,45737.3,42721.27,6.91,0.0,0.0,20.8,47.2,5,40.2,2020-05-05
31.3,27.1,22.47,45776.62,41557.99,5.59,1.5,1.5,12.2,26.6,5,41.9,2020-05-06
31.1,26.9,23.41,45815.35,42747.31,5.58,1.2,1.2,12.5,32.0,5,41.8,2020-05-07
31.9,27.7,24.34,45853.46,42760.71,6.52,0.0,0.0,14.1,35.6,5,41.3,2020-05-08
30.7,27.1,22.94,45890.92,42774.36,5.74,1.0,1.0,14.8,37.8,5,40.6,2020-05-09
29.7,26.3,20.41,45927.67,42788.25,4.62,4.8,4.8,10.7,33.1,5,40.2,2020-05-10
31.0,25.9,23.17,45963.68,42802.39,5.71,0.5,0.5,13.2,34.2,5,41.1,2020-05-11
30.4,26.4,23.24,45998.91,42816.77,5.51,1.7,1.7,14.1,37.8,5,40.3,2020-05-12
29.7,25.3,22.99,46033.31,42471.52,5.21,5.8,5.8,12.9,34.9,5,40.9,2020-05-13
30.4,26.3,21.04,46067.12,39626.49,4.93,1.9,1.9,11.2,33.5,5,42.1,2020-05-14
26.7,25.2,4.4,46100.45,1926.73,1.56,138.7,138.7,69.5,133.9,5,34.5,2020-05-15
27.4,25.4,18.14,46133.26,29746.81,3.84,14.0,14.0,17.7,35.6,5,36.5,2020-05-16
28.5,26.1,23.83,46165.54,42894.45,4.99,4.1,4.1,11.9,28.4,5,39.0,2020-05-17
28.7,25.8,22.98,46197.23,42911.14,4.82,2.2,2.2,11.0,28.8,5,40.7,2020-05-18
28.6,27.1,20.53,46228.32,34670.96,4.28,8.9,8.9,14.8,32.0,5,40.1,2020-05-19
29.0,25.8,23.14,46258.78,41740.29,4.93,5.8,5.8,8.7,28.8,5,40.5,2020-05-20
29.0,26.5,22.28,46288.56,42660.14,4.72,5.7,5.7,11.8,31.3,5,39.5,2020-05-21
29.3,26.6,23.44,46317.64,42980.46,4.99,2.5,2.5,11.0,31.0,5,39.3,2020-05-22
28.3,26.2,20.02,46345.98,38151.11,4.14,13.3,13.3,16.1,37.1,5,38.0,2020-05-23
28.8,25.7,23.4,46373.55,43016.03,5.15,0.1,0.1,16.7,32.0,5,39.8,2020-05-24
28.9,25.4,19.52,46400.31,40822.03,4.27,1.7,1.7,8.9,21.2,5,38.3,2020-05-25
29.5,26.7,20.6,46426.23,40358.96,4.49,0.5,0.5,6.6,24.1,5,40.1,2020-05-26
29.0,26.8,21.3,46451.28,43069.56,4.54,7.8,7.8,11.8,28.4,5,39.2,2020-05-27
28.2,25.5,22.08,46475.42,43101.36,4.69,3.9,3.9,15.3,34.6,5,39.0,2020-05-28
28.3,24.2,23.03,46498.62,43104.87,4.9,2.0,2.0,12.7,31.3,5,39.5,2020-05-29
28.4,25.0,22.68,46520.84,43122.29,4.87,1.7,1.7,11.0,27.7,5,39.1,2020-05-30
29.3,25.2,25.14,46542.05,43139.48,6.09,0.0,0.0,17.7,37.4,5,38.5,2020-05-31
29.1,24.6,21.62,46562.21,43170.14,4.84,0.1,0.1,13.2,33.8,6,38.5,2020-06-01
29.5,26.1,23.33,46581.3,43173.1,5.24,1.0,1.0,16.0,36.7,6,38.9,2020-06-02
30.0,26.2,23.22,46599.43,43204.02,5.16,0.4,0.4,7.3,23.4,6,39.7,2020-06-03
30.4,27.5,23.09,46616.69,43214.29,5.11,0.9,0.9,7.1,21.6,6,40.8,2020-06-04
30.8,26.8,24.11,46633.05,43200.0,5.6,1.6,1.6,8.4,27.0,6,40.1,2020-06-05
31.1,26.5,26.63,46648.51,43215.17,6.46,0.1,0.1,15.7,37.8,6,39.2,2020-06-06
30.1,26.1,22.86,46663.05,43215.75,5.33,6.5,6.5,12.8,33.1,6,40.0,2020-06-07
29.3,25.2,21.77,46676.65,43200.0,5.1,2.9,2.9,16.1,38.2,6,38.4,2020-06-08
30.3,26.1,23.43,46689.31,43200.0,5.64,1.4,1.4,18.5,42.5,6,38.1,2020-06-09
28.9,26.4,19.21,46701.01,37251.23,4.15,11.2,11.2,9.4,34.9,6,39.3,2020-06-10
26.9,25.1,12.01,46711.73,18494.13,2.63,27.7,27.7,13.8,34.2,6,35.4,2020-06-11
25.8,24.9,6.03,46721.48,1522.16,1.41,33.1,33.1,13.0,33.8,6,33.1,2020-06-12
27.4,25.4,18.91,46730.22,27396.17,3.89,10.0,10.0,14.8,40.3,6,36.6,2020-06-13
28.0,24.7,20.44,46737.95,35587.84,4.52,3.7,3.7,16.5,36.0,6,36.3,2020-06-14
27.4,25.2,18.15,46744.67,33847.82,3.77,6.1,6.1,6.1,28.1,6,36.9,2020-06-15
28.6,25.2,21.06,46750.35,38451.48,4.47,1.3,1.3,10.7,26.6,6,37.7,2020-06-16
28.7,25.4,23.81,46754.98,43200.0,5.02,0.8,0.8,11.0,27.0,6,38.0,2020-06-17
28.5,25.1,22.91,46758.57,43200.0,4.81,5.7,5.7,12.3,28.1,6,40.7,2020-06-18
26.9,25.1,17.38,46761.09,38500.93,3.53,9.9,9.9,8.4,25.2,6,36.4,2020-06-19
27.4,24.7,18.31,46762.53,36929.81,3.78,2.0,2.0,11.5,26.6,6,37.1,2020-06-20
28.4,25.2,24.4,46762.89,43200.0,5.09,3.7,3.7,9.7,24.5,6,38.6,2020-06-21
29.0,25.9,23.7,46762.16,43200.0,5.0,1.0,1.0,10.7,27.0,6,39.4,2020-06-22
28.5,26.2,21.79,46760.31,42131.33,4.59,9.1,9.1,9.5,25.2,6,38.6,2020-06-23
29.0,26.4,22.8,46757.35,43200.0,4.88,3.9,3.9,12.9,28.4,6,38.5,2020-06-24
28.7,25.6,22.29,46753.29,41815.84,4.85,3.5,3.5,12.3,29.9,6,40.1,2020-06-25
28.3,24.8,21.74,46748.14,43200.0,4.78,3.0,3.0,17.9,41.8,6,36.6,2020-06-26
28.4,25.4,22.16,46741.92,43200.0,4.95,7.5,7.5,17.4,39.2,6,36.2,2020-06-27
26.7,24.9,13.7,46734.66,29329.35,2.83,17.9,17.9,7.8,25.9,6,35.3,2020-06-28
27.6,24.6,22.24,46726.35,43200.0,4.56,1.2,1.2,17.7,39.2,6,38.5,2020-06-29
27.7,25.1,23.01,46717.02,42487.8,4.74,4.6,4.6,15.6,39.6,6,37.9,2020-06-30
28.4,24.7,25.27,46706.69,43200.0,5.47,0.0,0.0,14.0,29.5,7,38.9,2020-07-01
28.4,25.3,22.9,46695.37,43200.0,4.81,2.6,2.6,12.6,30.2,7,38.5,2020-07-02
28.8,25.1,23.92,46683.09,42413.33,5.44,1.2,1.2,15.2,36.7,7,37.8,2020-07-03
27.2,24.8,18.57,46669.84,38364.27,3.92,10.7,10.7,12.8,30.2,7,36.8,2020-07-04
27.7,25.0,19.24,46655.67,38567.12,4.03,1.9,1.9,10.1,26.6,7,36.1,2020-07-05
27.8,24.3,22.75,46640.57,43200.0,4.73,14.1,14.1,12.3,33.1,7,38.6,2020-07-06
29.2,25.1,23.14,46624.59,43200.0,5.26,0.7,0.7,13.2,31.0,7,38.6,2020-07-07
28.9,25.6,20.53,46607.71,43200.0,4.52,2.3,2.3,11.0,35.6,7,39.6,2020-07-08
28.9,25.8,23.2,46589.98,43200.0,5.02,10.5,10.5,11.7,31.7,7,39.8,2020-07-09
28.2,25.3,21.5,46571.4,37057.35,4.64,17.3,17.3,12.5,31.7,7,38.5,2020-07-10
27.3,24.5,18.7,46551.99,35229.52,3.98,8.9,8.9,8.6,21.2,7,39.3,2020-07-11
27.9,24.6,22.41,46531.77,40613.94,4.7,0.8,0.8,8.1,23.4,7,39.1,2020-07-12
26.5,25.8,4.94,46510.58,0.0,1.18,23.8,23.8,9.8,23.0,7,33.2,2020-07-13
28.3,24.6,24.21,46488.34,43200.0,5.15,0.6,0.6,9.3,24.5,7,38.0,2020-07-14
28.8,25.5,23.18,46465.11,43200.0,4.93,2.2,2.2,7.8,24.1,7,40.8,2020-07-15
28.8,24.4,22.54,46440.91,43200.0,5.33,0.5,0.5,17.8,39.6,7,36.5,2020-07-16
29.4,25.7,23.99,46415.77,43200.0,5.39,1.2,1.2,14.3,37.1,7,39.1,2020-07-17
28.9,24.6,24.61,46389.75,43200.0,5.8,1.0,1.0,18.2,44.3,7,38.3,2020-07-18
28.9,25.2,19.95,46362.86,39897.91,4.64,0.3,0.3,16.1,37.8,7,36.7,2020-07-19
28.0,25.9,17.76,46335.16,28472.09,4.19,2.2,2.2,17.0,42.1,7,35.0,2020-07-20
28.2,24.7,21.06,46306.68,42168.9,4.5,4.1,4.1,8.1,34.6,7,39.2,2020-07-21
28.6,24.8,18.59,46277.45,41285.71,4.28,0.5,0.5,11.4,30.6,7,38.2,2020-07-22
29.5,25.5,23.18,46247.5,43200.0,5.2,1.1,1.1,12.5,30.6,7,39.8,2020-07-23
28.4,25.1,17.83,46216.88,38831.41,4.06,3.3,3.3,13.0,32.4,7,36.7,2020-07-24
28.0,25.4,22.96,46185.61,42485.38,4.87,10.9,10.9,11.4,28.8,7,39.5,2020-07-25
28.2,25.0,22.0,46153.74,39600.0,4.66,4.1,4.1,6.7,25.9,7,39.7,2020-07-26
27.5,24.6,22.16,46121.29,42090.25,4.65,13.2,13.2,8.9,27.4,7,38.8,2020-07-27
26.5,24.2,12.6,46088.3,18000.0,2.66,7.7,7.7,11.1,22.0,7,35.0,2020-07-28
26.0,24.7,9.02,46054.81,7200.83,1.93,39.4,39.4,7.8,22.0,7,33.8,2020-07-29
26.1,24.9,7.91,46020.84,2158.75,1.78,69.0,69.0,17.7,40.0,7,33.8,2020-07-30
26.9,25.2,9.67,45986.43,6339.71,2.15,10.6,10.6,9.6,23.4,7,34.1,2020-07-31
26.8,25.3,12.55,45951.61,12293.57,2.67,7.9,7.9,11.3,34.6,8,35.3,2020-08-01
26.2,25.0,5.91,45916.12,0.0,1.38,6.2,6.2,6.8,16.6,8,32.9,2020-08-02
27.7,23.4,22.34,45879.88,40486.55,4.74,1.1,1.1,11.2,25.2,8,38.0,2020-08-03
28.0,25.0,20.65,45842.91,38489.12,4.45,1.6,1.6,12.9,31.3,8,36.9,2020-08-04
28.0,25.0,20.58,45805.27,35909.7,4.51,2.0,2.0,18.8,43.9,8,36.6,2020-08-05
27.6,25.4,17.01,45766.98,37013.04,3.72,4.5,4.5,13.0,34.9,8,36.3,2020-08-06
26.5,24.9,12.85,45728.1,15799.89,2.69,27.1,27.1,10.7,24.8,8,37.8,2020-08-07
26.1,25.3,8.13,45688.65,5988.33,1.77,23.1,23.1,12.5,39.6,8,34.1,2020-08-08
26.6,25.4,11.37,45648.69,15155.6,2.44,15.0,15.0,16.2,53.6,8,33.8,2020-08-09
27.4,25.3,18.0,45608.25,41977.9,3.75,4.1,4.1,13.7,42.5,8,36.5,2020-08-10
27.3,24.6,18.17,45567.36,35387.52,3.75,4.8,4.8,11.7,31.7,8,37.8,2020-08-11
27.5,24.5,18.35,45526.05,35598.55,3.87,0.8,0.8,11.2,34.6,8,35.9,2020-08-12
26.7,24.8,16.65,45484.39,30039.05,3.44,9.3,9.3,6.5,22.7,8,37.4,2020-08-13
26.3,24.3,13.44,45442.39,21676.49,2.84,12.6,12.6,8.3,21.6,8,34.7,2020-08-14
26.4,24.1,16.58,45400.08,31362.46,3.39,11.1,11.1,6.8,20.5,8,36.7,2020-08-15
26.8,24.8,15.23,45357.52,26395.58,3.18,2.9,2.9,8.0,21.6,8,35.8,2020-08-16
27.0,25.0,19.09,45314.72,36299.94,3.87,9.8,9.8,10.7,28.4,8,36.9,2020-08-17
26.7,24.7,16.84,45271.72,26650.96,3.47,13.7,13.7,7.1,22.7,8,37.5,2020-08-18
26.4,24.5,15.63,45228.57,30091.29,3.21,42.1,42.1,9.5,22.0,8,36.4,2020-08-19
25.7,24.3,7.65,45185.28,78.43,1.68,52.9,52.9,7.9,17.6,8,33.4,2020-08-20
26.9,25.0,18.85,45141.89,34052.48,3.77,2.2,2.2,15.7,35.3,8,34.9,2020-08-21
27.4,24.6,22.6,45098.14,41385.34,4.57,11.2,11.2,11.8,29.5,8,38.2,2020-08-22
27.9,25.4,22.89,45053.9,39661.71,4.69,1.8,1.8,12.7,31.7,8,37.6,2020-08-23
28.3,25.8,23.12,45009.2,41307.86,4.8,0.6,0.6,17.5,37.1,8,36.8,2020-08-24
28.3,25.7,24.58,44964.1,42432.86,5.0,1.4,1.4,18.0,39.2,8,37.0,2020-08-25
28.3,26.2,22.53,44918.61,42390.01,4.68,2.0,2.0,22.0,45.7,8,35.2,2020-08-26
27.9,24.8,25.14,44872.78,42346.77,5.22,0.5,0.5,16.3,33.8,8,36.9,2020-08-27
28.1,25.7,20.69,44826.64,34425.89,4.34,1.2,1.2,16.9,37.1,8,37.1,2020-08-28
28.1,26.7,10.61,44780.23,10154.49,2.61,0.7,0.7,15.5,34.9,8,35.3,2020-08-29
26.9,25.9,10.9,44733.57,8209.71,2.29,13.9,13.9,14.1,43.9,8,33.8,2020-08-30
26.9,25.1,18.96,44686.71,34719.71,3.78,10.0,10.0,16.8,41.8,8,35.6,2020-08-31
27.2,25.1,22.28,44639.66,42007.49,4.43,3.2,3.2,19.0,42.1,9,35.9,2020-09-01
27.7,25.1,23.04,44592.48,41231.91,4.59,1.1,1.1,15.0,34.9,9,37.5,2020-09-02
28.2,24.9,22.62,44545.18,38049.51,4.75,1.3,1.3,9.2,22.0,9,39.7,2020-09-03
28.4,25.5,23.85,44497.8,40683.71,5.0,2.2,2.2,10.0,25.6,9,39.0,2020-09-04
28.2,25.3,24.13,44450.37,40815.71,4.96,4.6,4.6,13.0,30.6,9,38.7,2020-09-05
27.9,25.5,20.58,44402.92,38753.53,4.18,4.1,4.1,11.4,31.7,9,38.6,2020-09-06
27.6,25.2,21.79,44355.47,37033.98,4.52,13.7,13.7,9.7,25.6,9,39.3,2020-09-07
27.9,24.4,21.22,44308.07,40545.58,4.4,1.2,1.2,10.5,27.4,9,38.2,2020-09-08
27.6,24.6,20.35,44260.74,41761.6,4.17,0.9,0.9,11.0,34.6,9,39.2,2020-09-09
27.6,25.1,21.81,44213.5,41310.53,4.46,3.6,3.6,8.8,23.4,9,39.6,2020-09-10
27.5,24.5,21.06,44166.09,39903.59,4.29,12.0,12.0,8.0,29.2,9,38.6,2020-09-11
26.9,24.7,13.09,44118.38,17661.1,2.72,1.8,1.8,12.7,31.0,9,34.7,2020-09-12
28.2,24.8,21.77,44070.39,40284.02,4.58,1.0,1.0,9.0,25.9,9,39.1,2020-09-13
27.8,25.6,20.7,44022.17,40777.52,4.25,2.9,2.9,7.6,29.2,9,38.9,2020-09-14
26.8,25.4,10.42,43973.75,12304.15,2.23,19.2,19.2,11.0,35.6,9,35.2,2020-09-15
26.7,25.5,11.54,43925.15,9252.61,2.59,21.6,21.6,19.7,46.1,9,33.6,2020-09-16
26.2,25.6,5.77,43876.41,407.72,1.41,7.6,7.6,18.4,36.7,9,32.0,2020-09-17
26.6,24.3,16.39,43827.56,29615.09,3.33,1.5,1.5,13.0,33.1,9,35.2,2020-09-18
27.0,24.3,17.26,43778.64,39241.25,3.56,0.3,0.3,6.6,29.5,9,36.9,2020-09-19
27.8,24.8,20.45,43729.66,40734.83,4.17,0.8,0.8,6.2,32.0,9,39.3,2020-09-20
27.9,25.0,21.3,43680.68,40611.28,4.38,1.6,1.6,5.5,25.9,9,39.0,2020-09-21
27.9,24.7,20.26,43631.7,37127.93,4.24,6.4,6.4,7.7,20.5,9,37.9,2020-09-22
26.8,24.4,16.66,43582.77,25145.06,3.47,26.1,26.1,8.7,23.0,9,36.8,2020-09-23
26.7,24.4,19.3,43533.92,32109.12,3.93,19.8,19.8,9.4,27.0,9,38.2,2020-09-24
26.5,25.0,13.0,43485.18,19733.09,2.72,18.3,18.3,6.9,21.6,9,36.6,2020-09-25
27.5,25.5,17.55,43436.57,28761.29,3.66,2.2,2.2,12.9,27.7,9,37.5,2020-09-26
28.3,24.8,20.02,43388.13,39704.75,4.26,0.6,0.6,8.2,19.8,9,38.4,2020-09-27
27.6,24.9,21.61,43339.88,39806.37,4.43,6.5,6.5,12.5,29.9,9,38.8,2020-09-28
27.0,24.4,19.92,43291.88,39251.63,4.02,6.8,6.8,14.0,32.4,9,37.6,2020-09-29
27.8,25.1,21.04,43244.12,38179.13,4.32,3.7,3.7,9.1,24.1,9,38.5,2020-09-30
27.8,25.5,16.29,43196.34,26949.79,3.45,6.5,6.5,10.8,24.8,10,36.8,2020-10-01
27.4,25.1,15.85,43148.39,22782.31,3.35,7.0,7.0,6.6,19.8,10,37.3,2020-10-02
26.8,24.1,18.2,43100.3,33934.88,3.74,9.2,9.2,8.9,23.4,10,37.7,2020-10-03
27.5,24.3,20.71,43052.12,39220.66,4.27,6.7,6.7,8.4,22.0,10,38.1,2020-10-04
27.6,25.0,19.57,43003.87,39213.9,4.06,2.1,2.1,9.0,27.0,10,38.8,2020-10-05
27.7,25.5,16.87,42955.59,33569.32,3.54,16.9,16.9,7.9,34.6,10,37.8,2020-10-06
26.7,25.0,13.06,42907.31,21699.41,2.63,14.4,14.4,13.7,35.3,10,37.5,2020-10-07
27.3,25.0,17.73,42859.08,39191.92,3.7,9.6,9.6,10.7,43.2,10,36.9,2020-10-08
26.2,24.9,10.06,42810.91,12575.3,2.08,3.7,3.7,7.2,30.6,10,33.7,2020-10-09
26.2,24.6,11.27,42762.86,14782.06,2.37,28.0,28.0,7.0,21.2,10,36.1,2020-10-10
25.8,25.1,9.0,42714.94,7481.68,1.82,35.7,35.7,14.2,34.2,10,33.0,2020-10-11
26.2,24.6,8.62,42667.2,0.0,1.89,12.1,12.1,10.2,23.8,10,33.9,2020-10-12
26.8,24.6,16.66,42619.67,39272.71,3.41,3.7,3.7,10.1,35.6,10,36.7,2020-10-13
25.0,24.0,4.72,42572.39,6737.13,1.1,37.0,37.0,21.8,51.1,10,32.2,2020-10-14
26.6,23.6,16.12,42525.4,29994.98,3.59,7.5,7.5,19.2,46.8,10,34.4,2020-10-15
27.2,24.3,18.76,42478.73,39114.63,3.9,3.8,3.8,15.0,33.1,10,35.9,2020-10-16
26.3,24.6,12.96,42432.42,22912.87,2.65,8.0,8.0,7.6,20.9,10,35.6,2020-10-17
25.7,24.1,11.05,42386.51,17105.62,2.25,5.2,5.2,6.9,35.3,10,34.0,2020-10-18
27.3,23.2,19.34,42341.03,39075.97,4.03,2.2,2.2,7.1,33.8,10,37.5,2020-10-19
25.6,24.5,2.77,42296.02,0.0,0.78,118.4,118.4,21.1,39.6,10,31.7,2020-10-20
26.5,25.1,11.15,42251.16,20912.24,2.39,29.1,29.1,20.2,56.2,10,32.3,2020-10-21
27.1,25.6,18.1,42206.3,36376.48,3.6,12.3,12.3,14.1,48.6,10,36.6,2020-10-22
26.6,25.3,15.99,42161.5,30191.08,3.16,15.8,15.8,14.7,36.0,10,35.6,2020-10-23
26.4,24.8,14.44,42116.78,27273.04,2.95,18.3,18.3,12.0,25.9,10,37.3,2020-10-24
26.0,23.8,12.92,42072.18,25250.0,2.8,13.9,13.9,22.3,57.2,10,33.9,2020-10-25
26.1,25.0,8.95,42027.75,7937.89,2.46,25.5,25.5,34.5,73.1,10,29.9,2020-10-26
26.2,25.1,11.58,41983.53,23897.63,2.53,10.5,10.5,21.4,41.4,10,32.6,2020-10-27
26.8,24.0,17.79,41939.56,35416.75,3.68,6.5,6.5,11.3,24.8,10,36.8,2020-10-28
26.3,22.7,18.96,41895.88,38907.54,3.73,1.7,1.7,7.7,34.2,10,35.5,2020-10-29
27.2,23.6,18.9,41852.52,38887.65,3.89,1.2,1.2,8.1,32.0,10,38.0,2020-10-30
27.3,23.9,20.15,41809.55,38867.18,4.27,0.4,0.4,15.3,46.4,10,35.1,2020-10-31
24.2,23.2,3.15,41766.99,0.0,1.13,33.6,33.6,34.0,86.4,11,29.5,2020-11-01
26.8,24.7,16.42,41724.9,33109.36,3.8,0.8,0.8,25.0,50.0,11,34.8,2020-11-02
26.5,23.4,17.24,41683.32,35292.9,3.51,16.4,16.4,7.7,25.6,11,36.9,2020-11-03
26.0,24.4,9.57,41642.29,11795.32,2.03,19.4,19.4,8.4,25.6,11,34.1,2020-11-04
26.2,24.1,16.08,41601.86,36974.09,3.21,3.7,3.7,8.4,23.0,11,35.1,2020-11-05
26.7,22.8,19.74,41562.08,38732.27,3.95,1.0,1.0,8.4,22.3,11,37.4,2020-11-06
26.2,23.7,12.57,41523.0,19488.84,2.65,4.3,4.3,10.0,32.8,11,35.9,2020-11-07
26.3,23.4,14.86,41484.65,30057.15,3.26,15.3,15.3,18.4,51.5,11,35.4,2020-11-08
26.3,24.5,10.25,41447.1,13477.83,2.16,2.9,2.9,11.5,30.2,11,34.7,2020-11-09
26.0,23.7,14.3,41410.02,38630.6,2.82,12.7,12.7,7.3,35.6,11,34.2,2020-11-10
25.7,23.9,6.37,41373.25,1614.79,1.71,50.7,50.7,46.1,91.1,11,32.3,2020-11-11
26.1,25.6,2.88,41336.86,1223.43,1.58,197.8,197.8,57.7,115.2,11,29.9,2020-11-12
27.4,25.1,18.84,41300.87,38271.8,4.09,1.9,1.9,21.0,43.6,11,35.8,2020-11-13
27.1,23.8,17.64,41265.33,38517.31,3.68,0.2,0.2,15.9,42.1,11,35.7,2020-11-14
27.1,23.8,18.86,41230.28,38487.31,3.96,0.4,0.4,14.0,29.5,11,36.9,2020-11-15
26.9,24.0,17.98,41195.76,38456.73,3.74,1.3,1.3,12.2,31.7,11,36.2,2020-11-16
26.9,23.5,17.87,41161.83,38425.63,3.67,0.5,0.5,13.6,37.4,11,35.3,2020-11-17
26.9,23.0,18.09,41128.51,38394.06,3.78,0.4,0.4,10.6,25.9,11,36.1,2020-11-18
27.0,23.7,19.16,41095.86,38362.08,3.98,0.6,0.6,8.8,16.6,11,37.8,2020-11-19
26.6,23.2,18.15,41063.93,38329.74,3.66,2.2,2.2,9.1,31.3,11,36.8,2020-11-20
27.0,24.0,18.73,41032.75,38297.09,4.04,0.2,0.2,14.0,41.4,11,34.7,2020-11-21
26.0,22.3,19.46,41002.38,38264.18,4.17,0.3,0.3,15.2,34.6,11,33.6,2020-11-22
25.9,22.5,17.76,40972.86,38231.07,3.84,0.1,0.1,22.5,47.5,11,32.1,2020-11-23
25.6,22.1,20.28,40944.24,38197.82,4.23,0.0,0.0,16.2,35.3,11,34.1,2020-11-24
25.4,21.3,19.65,40916.57,38164.48,4.13,0.0,0.0,19.5,40.7,11,33.0,2020-11-25
26.0,21.6,17.34,40889.89,38131.1,3.77,1.1,1.1,14.6,37.1,11,33.8,2020-11-26
26.4,24.1,12.96,40864.26,28501.57,2.67,3.9,3.9,10.4,38.9,11,35.4,2020-11-27
26.7,24.6,15.72,40839.71,37238.78,3.25,3.3,3.3,11.6,41.8,11,35.4,2020-11-28
26.0,23.8,11.96,40816.31,25602.43,2.42,39.1,39.1,5.9,47.5,11,34.4,2020-11-29
26.3,23.6,18.42,40793.81,37323.92,3.82,2.5,2.5,17.8,54.0,11,33.4,2020-11-30
25.6,21.1,18.41,40772.11,37963.84,4.08,0.0,0.0,18.0,40.0,12,34.0,2020-12-01
26.2,23.2,14.0,40751.24,32923.96,2.96,0.9,0.9,10.4,35.6,12,34.6,2020-12-02
27.0,24.8,13.82,40731.21,32862.72,2.84,6.8,6.8,6.8,33.5,12,35.1,2020-12-03
26.2,24.5,13.32,40712.05,27679.49,2.71,10.4,10.4,8.7,36.4,12,36.4,2020-12-04
26.2,24.2,14.86,40693.8,36487.16,2.93,7.8,7.8,10.3,38.5,12,34.7,2020-12-05
27.0,24.1,16.87,40676.46,37412.52,3.42,3.4,3.4,7.5,33.5,12,37.8,2020-12-06
26.1,24.1,8.14,40660.08,3993.6,1.7,6.4,6.4,7.6,37.4,12,33.8,2020-12-07
26.9,24.5,15.71,40644.67,32161.3,3.42,3.5,3.5,18.9,38.9,12,34.7,2020-12-08
26.3,23.1,16.43,40630.26,37165.27,3.27,2.8,2.8,8.2,32.4,12,36.7,2020-12-09
25.5,24.2,6.54,40616.88,12423.64,1.45,14.7,14.7,11.2,36.0,12,32.1,2020-12-10
26.6,23.0,17.42,40604.55,37043.1,3.55,0.6,0.6,11.7,26.6,12,35.8,2020-12-11
26.7,24.1,16.56,40593.29,37358.84,3.34,3.7,3.7,7.7,25.9,12,36.5,2020-12-12
26.3,24.4,12.95,40583.13,31656.67,2.61,0.8,0.8,7.8,21.6,12,34.4,2020-12-13
26.6,23.5,16.78,40574.1,37128.26,3.37,3.0,3.0,7.4,30.2,12,36.8,2020-12-14
26.4,23.1,16.14,40566.21,36192.08,3.3,2.4,2.4,12.3,38.2,12,34.5,2020-12-15
25.9,22.2,17.37,40559.5,37212.54,3.63,0.4,0.4,14.1,31.0,12,33.7,2020-12-16
25.4,22.0,13.59,40553.98,37001.49,2.8,3.7,3.7,13.7,42.5,12,33.5,2020-12-17
26.3,23.7,15.47,40549.69,32545.8,3.29,6.5,6.5,20.0,51.8,12,33.9,2020-12-18
24.4,23.7,3.57,40546.62,0.0,0.81,44.6,44.6,9.8,53.6,12,30.9,2020-12-19
25.9,23.8,13.1,40544.78,27400.51,2.72,36.4,36.4,15.3,42.5,12,33.8,2020-12-20
26.3,23.9,14.74,40544.12,36399.31,3.02,1.1,1.1,11.5,35.3,12,34.2,2020-12-21
26.2,22.4,16.46,40544.64,36679.1,3.33,0.7,0.7,11.5,30.6,12,34.8,2020-12-22
26.6,23.7,16.96,40546.3,36673.91,3.59,0.1,0.1,16.8,34.9,12,34.4,2020-12-23
26.1,22.5,17.68,40549.12,36784.6,3.47,0.3,0.3,6.3,19.4,12,35.2,2020-12-24
26.3,22.3,17.89,40553.07,36685.54,3.7,0.8,0.8,13.7,29.2,12,36.1,2020-12-25
26.1,23.0,15.45,40558.16,36393.05,3.16,10.4,10.4,10.3,41.4,12,35.8,2020-12-26
24.1,23.3,3.07,40564.34,362.17,0.74,62.2,62.2,15.3,47.2,12,30.5,2020-12-27
25.7,22.8,14.89,40571.62,34785.52,3.05,1.4,1.4,11.4,24.5,12,34.0,2020-12-28
26.9,24.1,16.75,40579.99,35916.11,3.4,0.3,0.3,8.2,20.5,12,36.0,2020-12-29
26.6,23.6,16.93,40589.43,36384.15,3.37,4.3,4.3,7.4,32.8,12,35.6,2020-12-30
25.0,22.8,15.57,40599.91,33526.16,3.27,11.1,11.1,18.3,55.4,12,30.0,2020-12-31
24.2,21.3,13.85,40611.44,29051.79,2.85,0.4,0.4,16.1,36.4,1,29.9,2021-01-01
25.1,22.3,14.0,40624.0,36061.68,3.06,2.4,2.4,18.6,45.7,1,30.9,2021-01-02
24.3,22.4,5.67,40637.56,14400.0,1.22,42.2,42.2,10.0,48.6,1,31.1,2021-01-03
25.8,22.6,17.45,40652.12,36360.23,3.58,1.1,1.1,15.9,42.5,1,34.4,2021-01-04
26.0,23.3,16.58,40667.65,36607.77,3.36,0.8,0.8,9.8,34.6,1,35.5,2021-01-05
25.4,21.2,18.32,40684.15,36919.77,3.8,0.2,0.2,15.5,33.5,1,34.7,2021-01-06
25.3,21.7,17.7,40701.6,36604.24,3.58,2.9,2.9,9.8,24.1,1,34.4,2021-01-07
25.4,22.5,12.57,40719.98,29827.35,2.65,0.5,0.5,9.7,40.3,1,34.0,2021-01-08
24.6,22.8,8.3,40739.49,9324.77,2.05,0.0,0.0,12.4,24.1,1,29.3,2021-01-09
24.4,21.6,17.17,40760.18,36001.03,3.49,0.2,0.2,12.1,28.4,1,31.4,2021-01-10
24.4,21.8,15.83,40782.03,34673.46,3.26,0.6,0.6,13.3,31.3,1,30.3,2021-01-11
24.0,22.0,13.13,40804.98,29098.78,2.82,0.2,0.2,10.6,25.2,1,29.0,2021-01-12
23.9,20.6,12.13,40828.98,32600.62,2.49,1.3,1.3,10.1,24.1,1,31.8,2021-01-13
24.9,22.0,12.54,40854.0,34826.02,2.57,0.6,0.6,11.7,27.4,1,32.5,2021-01-14
25.8,22.8,15.24,40880.0,35447.73,3.36,0.7,0.7,12.1,25.2,1,33.4,2021-01-15
25.9,23.0,16.66,40906.92,36895.0,3.58,0.1,0.1,12.6,28.1,1,33.6,2021-01-16
25.7,22.8,12.03,40934.73,27492.54,2.7,6.7,6.7,13.0,39.2,1,31.5,2021-01-17
25.1,22.2,16.08,40963.38,33425.75,3.36,2.8,2.8,17.6,43.9,1,31.4,2021-01-18
24.2,22.5,8.27,40992.82,10398.64,1.72,5.3,5.3,9.9,23.8,1,31.5,2021-01-19
24.1,23.0,4.85,41023.03,1016.47,1.06,44.3,44.3,13.2,46.8,1,29.8,2021-01-20
25.3,23.5,7.64,41053.95,11402.81,1.61,17.6,17.6,10.8,21.6,1,32.8,2021-01-21
25.8,23.5,12.45,41085.55,31493.07,2.54,1.2,1.2,10.0,29.5,1,32.9,2021-01-22
26.2,24.3,18.07,41117.78,36597.78,3.56,1.0,1.0,8.7,27.7,1,35.7,2021-01-23
26.3,23.9,15.64,41150.6,36267.12,3.16,1.5,1.5,11.3,22.7,1,35.5,2021-01-24
26.4,23.4,17.53,41183.98,37629.23,3.5,2.5,2.5,5.8,15.1,1,35.6,2021-01-25
25.7,22.9,17.4,41217.87,37154.34,3.42,2.7,2.7,10.0,37.8,1,33.5,2021-01-26
25.5,23.3,13.78,41252.23,35566.65,2.83,5.5,5.5,12.7,37.4,1,34.1,2021-01-27
25.4,23.4,16.92,41287.04,37275.0,3.34,6.7,6.7,6.9,29.9,1,34.7,2021-01-28
24.2,21.7,19.76,41322.59,38020.35,3.96,0.1,0.1,18.1,39.2,1,29.4,2021-01-29
23.2,20.1,19.92,41359.03,37911.78,4.21,0.0,0.0,26.0,52.6,1,29.1,2021-01-30
22.8,18.9,19.73,41396.3,37941.38,3.84,0.0,0.0,18.8,40.0,1,29.0,2021-01-31
23.4,19.3,19.07,41434.36,38107.64,3.82,0.1,0.1,14.8,32.0,2,31.1,2021-02-01
23.9,19.9,19.16,41473.16,38135.68,3.69,3.0,3.0,7.0,29.5,2,33.3,2021-02-02
24.8,21.1,18.81,41512.63,38090.7,3.8,0.2,0.2,11.7,27.4,2,32.9,2021-02-03
25.2,21.5,19.36,41552.74,38263.4,4.03,0.0,0.0,13.7,31.3,2,33.4,2021-02-04
25.4,22.0,16.94,41593.43,35908.55,3.58,0.7,0.7,17.0,36.4,2,32.8,2021-02-05
25.8,22.4,17.66,41634.67,38109.46,3.62,1.8,1.8,7.1,27.7,2,36.6,2021-02-06
25.9,21.7,21.0,41676.39,38266.73,4.36,0.1,0.1,11.4,27.0,2,35.3,2021-02-07
25.7,21.8,18.69,41718.56,36911.38,3.9,0.5,0.5,15.2,34.6,2,33.1,2021-02-08
25.0,22.9,10.94,41761.13,22485.63,2.29,9.6,9.6,12.4,47.5,2,32.7,2021-02-09
25.5,22.9,17.83,41804.05,38037.37,3.77,2.3,2.3,18.7,39.2,2,32.4,2021-02-10
25.8,23.0,20.73,41847.29,38358.95,4.03,3.0,3.0,11.5,27.4,2,34.3,2021-02-11
26.2,23.5,20.28,41890.79,38544.14,4.13,2.3,2.3,13.2,26.3,2,36.0,2021-02-12
24.4,22.5,10.76,41934.51,21337.2,2.11,12.7,12.7,10.8,29.5,2,31.7,2021-02-13
25.6,23.4,19.08,41978.41,38419.84,3.75,4.0,4.0,8.4,17.3,2,34.1,2021-02-14
24.7,22.3,12.57,42022.45,29264.33,2.59,2.6,2.6,9.6,18.4,2,32.8,2021-02-15
25.1,22.6,19.16,42066.59,38890.77,3.89,1.3,1.3,10.2,24.8,2,32.4,2021-02-16
24.1,20.1,19.48,42110.78,38825.7,3.79,2.2,2.2,9.8,27.0,2,32.6,2021-02-17
24.6,22.3,20.23,42155.37,34787.46,4.05,0.2,0.2,11.9,36.7,2,31.6,2021-02-18
23.4,20.6,21.42,42200.5,38775.89,4.26,0.3,0.3,12.1,29.9,2,30.3,2021-02-19
22.8,19.4,18.71,42246.13,33766.95,3.82,0.1,0.1,17.2,36.0,2,27.8,2021-02-20
23.3,18.8,17.27,42292.22,29159.48,3.51,3.5,3.5,11.2,25.9,2,33.1,2021-02-21
24.4,21.4,13.45,42338.74,23836.62,2.76,16.8,16.8,12.2,36.0,2,32.5,2021-02-22
25.2,22.7,11.59,42385.62,25898.39,2.36,43.3,43.3,12.4,46.4,2,33.1,2021-02-23
26.4,23.0,19.8,42432.85,39244.71,4.09,1.0,1.0,15.6,33.5,2,34.8,2021-02-24
26.6,24.1,23.89,42480.36,39065.62,5.01,0.0,0.0,13.0,30.2,2,35.2,2021-02-25
25.6,21.0,22.58,42528.15,39781.73,4.5,0.0,0.0,8.3,19.8,2,36.4,2021-02-26
26.3,22.5,21.27,42576.14,39297.64,4.35,0.2,0.2,10.3,23.0,2,36.1,2021-02-27
26.5,23.4,19.71,42624.32,38496.68,4.1,1.4,1.4,12.1,28.1,2,36.4,2021-02-28
26.6,23.3,19.86,42672.64,39745.61,4.02,1.4,1.4,11.8,32.4,3,36.2,2021-03-01
26.4,22.6,21.03,42721.06,39554.06,4.27,1.1,1.1,8.9,23.4,3,36.5,2021-03-02
26.7,23.0,21.23,42769.54,40104.75,4.48,0.8,0.8,15.5,40.0,3,35.4,2021-03-03
26.5,22.9,21.95,42818.06,40018.41,4.67,0.4,0.4,15.1,38.9,3,34.8,2021-03-04
26.5,23.1,22.7,42866.57,40364.89,4.9,0.1,0.1,17.7,37.1,3,33.9,2021-03-05
26.6,22.5,23.77,42915.02,40415.23,5.32,0.0,0.0,16.6,35.3,3,34.8,2021-03-06
25.8,21.1,24.07,42963.41,40465.37,5.09,0.0,0.0,16.3,35.6,3,35.4,2021-03-07
26.6,23.1,22.73,43011.67,40515.29,4.88,0.0,0.0,14.2,32.8,3,35.1,2021-03-08
25.9,22.6,18.94,43059.78,39766.21,3.97,2.0,2.0,11.4,37.8,3,33.7,2021-03-09
25.8,21.1,22.49,43108.05,40614.33,4.93,0.0,0.0,20.4,43.9,3,32.9,2021-03-10
25.7,20.7,22.11,43156.62,40663.96,4.89,0.0,0.0,17.8,38.9,3,33.7,2021-03-11
26.0,22.2,16.81,43205.46,28400.57,3.75,0.6,0.6,16.6,38.5,3,33.5,2021-03-12
25.7,24.2,10.25,43254.54,14653.05,2.27,4.8,4.8,11.5,46.8,3,31.4,2021-03-13
25.9,23.0,12.99,43303.82,22588.78,2.91,1.9,1.9,12.7,31.0,3,31.9,2021-03-14
25.8,22.8,15.06,43353.28,29381.13,3.13,7.6,7.6,10.1,30.6,3,35.0,2021-03-15
26.9,23.8,20.19,43402.87,31432.59,4.17,2.4,2.4,12.2,29.5,3,35.7,2021-03-16
27.3,23.6,22.24,43452.56,38264.39,4.66,1.2,1.2,9.7,22.7,3,37.6,2021-03-17
27.7,23.7,21.88,43502.32,40713.64,4.62,1.2,1.2,10.8,27.4,3,38.2,2021-03-18
27.3,23.9,19.23,43552.12,38690.57,4.04,0.9,0.9,11.8,25.6,3,37.0,2021-03-19
27.4,24.2,20.24,43601.93,38990.86,4.25,2.3,2.3,10.3,28.8,3,37.5,2021-03-20
27.7,24.2,18.69,43651.7,39753.63,4.0,0.9,0.9,10.2,30.6,3,36.6,2021-03-21
27.6,24.6,20.21,43701.41,41026.75,4.5,2.2,2.2,14.9,40.3,3,37.1,2021-03-22
27.2,24.3,19.32,43751.02,39867.53,4.48,0.5,0.5,19.6,52.2,3,33.1,2021-03-23
27.3,24.0,19.57,43800.5,41312.73,4.43,1.4,1.4,17.0,38.2,3,34.8,2021-03-24
27.8,23.2,22.93,43849.82,41361.72,5.23,0.3,0.3,15.6,33.8,3,37.5,2021-03-25
27.6,22.9,23.29,43898.95,41410.42,5.31,0.0,0.0,17.3,45.7,3,35.4,2021-03-26
28.1,23.9,21.92,43947.83,41458.78,5.11,0.4,0.4,13.0,33.5,3,36.9,2021-03-27
28.1,23.7,22.33,43996.45,41506.8,4.96,1.2,1.2,12.2,25.2,3,37.7,2021-03-28
28.6,24.1,22.62,44044.78,41554.38,5.37,0.0,0.0,15.3,33.1,3,37.7,2021-03-29
28.5,23.0,24.84,44093.09,41601.57,5.96,0.0,0.0,17.8,36.7,3,38.8,2021-03-30
28.4,23.5,22.46,44141.53,41648.8,5.45,0.2,0.2,18.3,38.5,3,36.6,2021-03-31
28.7,24.6,25.42,44190.07,41696.02,6.3,0.0,0.0,20.7,46.4,4,36.8,2021-04-01
27.9,22.0,25.87,44238.67,41743.22,6.48,0.0,0.0,19.7,43.9,4,36.2,2021-04-02
27.9,21.7,25.96,44287.31,41790.34,6.31,0.0,0.0,17.1,39.6,4,36.8,2021-04-03
28.0,22.6,22.72,44335.95,41837.38,5.29,0.8,0.8,14.5,30.6,4,37.1,2021-04-04
28.3,24.2,22.25,44384.56,41884.29,5.27,0.5,0.5,14.3,36.4,4,37.9,2021-04-05
28.4,25.0,22.82,44433.12,41931.05,5.59,1.7,1.7,14.8,33.5,4,37.0,2021-04-06
27.8,24.7,21.95,44481.57,41977.62,5.37,2.8,2.8,18.0,38.9,4,35.7,2021-04-07
28.1,24.6,22.09,44529.89,42023.97,5.3,0.9,0.9,12.1,30.2,4,36.7,2021-04-08
28.2,24.8,21.98,44578.06,42070.09,5.26,2.2,2.2,14.1,32.4,4,36.4,2021-04-09
28.4,24.7,23.83,44626.03,42115.91,5.99,0.1,0.1,16.0,37.8,4,35.7,2021-04-10
28.2,24.2,23.2,44673.77,42161.44,5.79,0.8,0.8,16.7,39.6,4,36.1,2021-04-11
28.1,22.8,22.9,44721.25,42206.62,5.32,1.4,1.4,12.2,26.6,4,38.2,2021-04-12
27.9,24.3,19.07,44768.43,42251.43,4.09,3.0,3.0,11.3,34.6,4,36.6,2021-04-13
28.5,25.2,20.8,44815.27,41015.96,4.65,2.1,2.1,10.7,37.8,4,37.6,2021-04-14
28.3,24.8,20.23,44861.73,42036.66,4.67,1.2,1.2,13.0,32.8,4,37.3,2021-04-15
28.5,24.2,24.29,44907.79,42383.34,5.69,0.1,0.1,16.3,33.8,4,38.5,2021-04-16
27.9,22.6,24.14,44953.4,42426.35,5.46,0.0,0.0,15.6,38.9,4,38.4,2021-04-17
29.0,24.7,23.96,44998.54,42468.82,5.41,0.6,0.6,12.6,27.0,4,38.9,2021-04-18
28.5,24.6,23.07,45043.46,41621.62,5.51,2.6,2.6,18.9,41.4,4,36.3,2021-04-19
28.2,24.6,21.6,45088.31,37945.56,4.99,3.1,3.1,20.4,47.2,4,37.6,2021-04-20
28.3,25.3,20.14,45133.05,36728.77,4.69,1.9,1.9,23.2,49.0,4,37.1,2021-04-21
28.6,25.8,23.98,45177.66,42576.2,5.31,3.2,3.2,17.4,38.9,4,38.1,2021-04-22
28.7,24.8,24.95,45222.09,42585.52,5.63,0.3,0.3,14.2,34.9,4,37.4,2021-04-23
28.5,24.5,26.03,45266.3,42595.05,6.15,0.1,0.1,17.7,40.0,4,36.3,2021-04-24
28.5,24.5,24.22,45310.28,42604.8,5.7,1.0,1.0,13.0,32.4,4,36.5,2021-04-25
27.3,25.6,15.9,45353.98,32451.0,3.91,1.3,1.3,14.0,34.2,4,33.3,2021-04-26
27.3,24.5,19.13,45397.36,42624.96,4.75,1.2,1.2,17.4,38.2,4,34.5,2021-04-27
27.5,23.4,20.85,45440.39,42635.41,4.86,1.4,1.4,14.7,29.9,4,35.9,2021-04-28
28.4,24.7,24.27,45483.04,42646.1,5.37,0.2,0.2,11.2,28.1,4,38.1,2021-04-29
28.9,24.8,22.61,45525.25,42657.05,5.14,1.9,1.9,13.0,25.6,4,38.5,2021-04-30
29.0,24.2,25.51,45567.01,42668.27,5.93,0.0,0.0,17.9,38.9,5,39.0,2021-05-01
29.0,23.8,27.12,45608.26,42679.77,6.64,0.0,0.0,20.9,46.1,5,38.9,2021-05-02
29.1,23.9,23.86,45648.96,42691.56,5.98,0.0,0.0,20.5,54.4,5,36.7,2021-05-03
29.6,25.9,24.11,45689.09,42703.64,5.98,0.4,0.4,23.0,54.0,5,37.1,2021-05-04
30.3,25.7,24.97,45728.6,42716.04,6.48,0.0,0.0,21.0,50.4,5,38.6,2021-05-05
30.1,26.0,24.62,45767.43,42728.74,6.09,0.4,0.4,18.7,52.9,5,38.6,2021-05-06
29.9,26.3,21.41,45805.57,42741.76,5.46,0.9,0.9,19.1,45.0,5,37.6,2021-05-07
30.1,25.9,21.34,45842.96,42755.12,5.42,0.1,0.1,17.6,39.6,5,38.5,2021-05-08
30.7,26.4,22.64,45879.84,42768.93,6.07,0.1,0.1,19.9,44.6,5,39.3,2021-05-09
30.2,26.9,20.08,45916.35,42783.16,5.27,0.1,0.1,16.9,38.9,5,37.7,2021-05-10
30.1,26.5,18.72,45952.45,35685.72,5.15,0.8,0.8,16.5,40.7,5,38.8,2021-05-11
30.5,26.6,23.46,45988.09,42812.82,6.4,0.5,0.5,19.7,44.6,5,37.6,2021-05-12
30.7,26.9,26.09,46023.26,42828.17,6.99,0.0,0.0,22.0,49.3,5,38.5,2021-05-13
30.2,26.3,23.73,46057.92,42843.84,6.31,0.3,0.3,21.4,48.6,5,38.1,2021-05-14
30.4,27.0,23.15,46092.02,42859.79,6.24,0.2,0.2,21.5,49.0,5,38.2,2021-05-15
30.9,26.4,24.67,46125.54,42875.98,6.72,0.7,0.7,19.6,46.1,5,39.5,2021-05-16
30.9,26.0,24.6,46158.45,42892.4,6.65,0.1,0.1,20.7,46.8,5,39.4,2021-05-17
30.5,27.0,22.46,46190.7,42909.0,6.07,0.5,0.5,19.2,47.5,5,38.6,2021-05-18
30.8,27.1,24.69,46222.26,42925.75,6.92,0.0,0.0,21.3,47.9,5,37.8,2021-05-19
30.4,26.6,22.75,46253.09,42942.63,6.02,1.3,1.3,20.4,44.6,5,38.2,2021-05-20
29.8,25.7,23.14,46283.16,42959.6,5.6,6.1,6.1,17.3,41.4,5,39.5,2021-05-21
29.1,25.4,22.6,46312.43,42817.21,5.16,8.6,8.6,13.3,37.8,5,38.8,2021-05-22
29.1,25.1,22.96,46340.86,42993.68,5.3,1.1,1.1,17.3,39.2,5,39.1,2021-05-23
29.1,25.2,23.52,46368.42,43010.73,5.41,3.5,3.5,15.1,38.2,5,39.1,2021-05-24
30.0,24.8,24.93,46395.06,43042.71,6.16,0.2,0.2,17.7,38.9,5,40.3,2021-05-25
30.5,26.2,23.76,46420.75,43059.16,5.43,1.1,1.1,9.9,27.7,5,40.0,2021-05-26
30.2,25.9,23.3,46445.45,43061.54,5.82,1.6,1.6,17.8,33.5,5,39.1,2021-05-27
30.6,27.0,22.13,46469.12,43078.3,5.22,3.1,3.1,12.7,33.1,5,39.8,2021-05-28
30.9,27.3,24.33,46491.93,43108.88,5.82,2.1,2.1,13.1,34.9,5,41.0,2021-05-29
29.8,26.2,24.44,46513.96,42227.14,5.57,7.0,7.0,18.3,41.8,5,40.6,2021-05-30
30.1,26.2,23.39,46535.19,42386.48,5.43,6.2,6.2,13.1,33.1,5,41.2,2021-05-31
29.9,26.4,23.86,46555.6,43162.17,5.33,3.2,3.2,13.4,34.9,6,41.1,2021-06-01
27.6,25.9,10.23,46575.17,11316.66,2.58,51.7,51.7,42.8,78.1,6,36.4,2021-06-02
27.7,25.9,16.44,46593.89,28582.08,3.67,28.6,28.6,24.2,80.3,6,35.7,2021-06-03
28.2,26.3,20.64,46611.72,41912.11,4.29,8.1,8.1,20.0,43.2,6,36.8,2021-06-04
28.5,25.8,23.38,46628.66,43200.0,4.85,3.4,3.4,16.1,34.9,6,37.7,2021-06-05
28.5,26.0,21.37,46644.68,37984.55,4.56,3.2,3.2,11.5,27.7,6,38.4,2021-06-06
27.5,25.6,20.33,46659.75,31477.31,4.23,20.4,20.4,10.9,30.6,6,39.1,2021-06-07
26.8,24.9,17.03,46673.88,24289.54,3.55,17.8,17.8,10.3,28.1,6,37.8,2021-06-08
26.5,24.6,15.88,46687.02,22660.06,3.29,14.1,14.1,10.5,30.2,6,37.3,2021-06-09
27.2,25.3,19.91,46699.17,33147.11,4.19,12.3,12.3,9.9,24.5,6,36.7,2021-06-10
27.3,25.3,17.58,46710.3,28795.6,3.65,6.3,6.3,12.3,32.4,6,36.9,2021-06-11
28.1,25.6,20.01,46720.41,36472.27,4.36,4.0,4.0,15.1,33.8,6,36.8,2021-06-12
26.9,25.2,14.59,46729.45,38132.11,3.16,3.3,3.3,16.6,34.9,6,34.3,2021-06-13
27.8,24.9,24.54,46737.43,43200.0,5.17,1.1,1.1,17.4,36.7,6,37.1,2021-06-14
28.2,25.1,23.82,46744.32,43200.0,5.01,0.3,0.3,18.3,39.2,6,36.3,2021-06-15
28.7,25.4,24.52,46750.11,43200.0,5.28,0.3,0.3,13.8,31.7,6,38.1,2021-06-16
29.2,25.8,24.76,46754.77,43200.0,5.39,0.2,0.2,12.8,29.5,6,39.1,2021-06-17
29.4,26.6,25.28,46758.33,43200.0,5.55,0.5,0.5,15.8,35.3,6,38.8,2021-06-18
28.3,26.0,22.23,46760.81,43200.0,4.68,5.3,5.3,19.8,43.2,6,37.2,2021-06-19
27.5,25.8,18.81,46762.21,39197.64,3.86,7.6,7.6,22.1,46.1,6,35.6,2021-06-20
26.4,25.2,11.57,46762.55,15604.2,2.42,16.3,16.3,19.7,41.4,6,32.7,2021-06-21
26.9,25.2,14.33,46761.83,29023.35,3.16,7.3,7.3,18.0,37.4,6,33.5,2021-06-22
27.1,25.0,17.4,46760.05,31735.97,3.7,6.4,6.4,19.5,40.3,6,35.9,2021-06-23
27.4,25.1,16.9,46757.24,24066.88,3.63,4.5,4.5,10.5,29.5,6,37.7,2021-06-24
27.5,25.2,16.36,46753.39,39727.96,3.38,3.6,3.6,11.0,28.8,6,35.3,2021-06-25
28.3,24.8,23.96,46748.52,43200.0,5.04,0.2,0.2,9.0,22.7,6,38.4,2021-06-26
28.3,25.5,22.33,46742.63,43200.0,4.65,3.4,3.4,9.0,27.7,6,38.4,2021-06-27
27.7,25.4,21.4,46735.74,42423.09,4.42,28.9,28.9,11.3,30.6,6,39.0,2021-06-28
28.2,25.1,24.69,46727.86,43200.0,5.24,0.3,0.3,13.8,31.0,6,38.7,2021-06-29
29.0,25.9,23.7,46718.98,43200.0,5.05,1.1,1.1,10.9,27.7,6,38.8,2021-06-30
28.8,25.6,23.39,46709.14,43200.0,4.96,1.8,1.8,8.0,24.5,7,40.0,2021-07-01
28.2,24.6,23.13,46698.33,43200.0,4.91,1.3,1.3,8.7,22.0,7,39.8,2021-07-02
26.5,24.7,10.38,46686.58,8281.73,2.27,13.4,13.4,8.2,31.7,7,35.1,2021-07-03
27.2,24.3,17.55,46673.88,31958.1,3.92,10.2,10.2,21.9,47.2,7,34.2,2021-07-04
27.6,25.1,20.37,46660.25,33646.64,4.31,9.9,9.9,11.7,33.5,7,36.5,2021-07-05
26.9,25.1,11.06,46645.71,6729.68,2.45,14.1,14.1,7.5,20.9,7,35.1,2021-07-06
28.2,23.8,24.12,46630.27,43200.0,5.37,0.2,0.2,13.5,37.1,7,38.1,2021-07-07
28.4,24.5,21.18,46613.78,43200.0,4.58,1.7,1.7,11.4,40.0,7,37.8,2021-07-08
28.8,25.3,21.73,46596.21,43200.0,5.1,0.5,0.5,16.3,36.7,7,37.6,2021-07-09
28.7,25.4,20.25,46577.58,39886.92,4.72,0.5,0.5,13.8,36.0,7,36.0,2021-07-10
29.0,25.9,21.12,46557.93,43200.0,4.98,1.2,1.2,15.3,39.6,7,37.3,2021-07-11
29.1,25.3,20.87,46537.3,40581.34,4.76,1.3,1.3,16.6,39.6,7,38.2,2021-07-12
28.3,25.3,19.35,46515.7,37440.13,4.28,5.4,5.4,11.8,37.1,7,38.1,2021-07-13
27.2,25.0,17.21,46493.19,26197.11,3.62,10.6,10.6,9.2,29.2,7,37.8,2021-07-14
27.3,24.7,21.05,46469.78,39654.42,4.34,10.8,10.8,14.3,33.8,7,38.5,2021-07-15
27.3,24.8,20.76,46445.52,35460.54,4.37,14.9,14.9,15.1,33.5,7,38.4,2021-07-16
27.3,24.9,19.81,46420.43,33985.59,4.1,19.5,19.5,12.2,28.1,7,39.0,2021-07-17
27.0,25.5,15.02,46394.54,35699.92,3.17,13.7,13.7,16.9,40.3,7,35.1,2021-07-18
26.6,25.4,13.81,46367.9,23601.02,2.86,27.7,27.7,22.3,52.9,7,33.6,2021-07-19
26.3,25.3,11.2,46340.53,17510.5,2.27,17.7,17.7,22.1,47.5,7,32.4,2021-07-20
25.8,25.4,6.29,46312.46,4024.76,1.37,34.9,34.9,17.9,42.8,7,31.8,2021-07-21
25.9,25.4,6.83,46283.73,2636.35,1.54,31.5,31.5,23.0,50.4,7,31.4,2021-07-22
26.0,25.2,10.29,46254.36,12167.82,2.11,32.7,32.7,29.6,60.1,7,30.8,2021-07-23
26.0,25.4,8.65,46224.39,10890.36,1.89,31.2,31.2,26.7,54.7,7,30.8,2021-07-24
26.5,25.2,13.07,46193.85,21671.91,2.61,12.7,12.7,30.0,63.4,7,30.8,2021-07-25
27.9,26.4,22.15,46162.77,43200.0,4.56,9.2,9.2,31.9,64.1,7,33.3,2021-07-26
27.4,26.2,22.47,46131.17,43200.0,4.27,8.8,8.8,33.5,70.2,7,33.2,2021-07-27
26.4,25.2,12.74,46098.82,18743.69,2.51,18.0,18.0,26.3,54.0,7,31.2,2021-07-28
26.3,25.7,7.79,46065.64,11016.94,1.65,23.6,23.6,25.2,50.4,7,32.0,2021-07-29
27.3,25.9,16.16,46031.64,38270.73,3.32,9.0,9.0,20.7,49.7,7,34.9,2021-07-30
27.2,26.0,17.16,45996.89,35680.79,3.45,6.9,6.9,26.9,58.7,7,33.4,2021-07-31
27.4,25.9,22.06,45961.43,42941.01,4.34,6.7,6.7,29.5,63.7,8,33.8,2021-08-01
27.2,25.6,19.39,45925.28,37973.02,3.87,11.8,11.8,28.5,64.8,8,33.8,2021-08-02
27.1,26.1,12.45,45888.5,20101.18,2.73,8.5,8.5,26.3,58.3,8,32.9,2021-08-03
27.3,25.9,16.4,45851.12,29880.1,3.43,6.1,6.1,25.5,61.9,8,33.5,2021-08-04
27.5,26.5,20.76,45813.18,43113.92,4.02,8.0,8.0,25.4,61.9,8,34.3,2021-08-05
27.5,26.4,19.9,45774.71,43103.14,3.88,6.0,6.0,24.8,58.7,8,34.3,2021-08-06
27.9,26.2,22.19,45735.77,43092.65,4.44,2.1,2.1,23.9,51.8,8,35.3,2021-08-07
28.0,25.6,22.59,45696.38,43082.46,4.59,2.3,2.3,20.8,43.2,8,35.4,2021-08-08
27.4,25.0,20.74,45656.59,43072.56,4.22,5.7,5.7,14.0,32.0,8,36.7,2021-08-09
26.6,24.7,16.27,45616.41,36976.73,3.24,15.8,15.8,13.2,31.3,8,34.9,2021-08-10
26.1,24.6,8.03,45575.91,2359.81,1.78,5.5,5.5,10.5,23.0,8,32.9,2021-08-11
27.5,24.7,18.25,45535.1,28155.72,3.94,0.0,0.0,10.5,20.5,8,37.9,2021-08-12
27.8,25.1,20.89,45494.03,36883.18,4.37,6.5,6.5,10.8,26.6,8,38.0,2021-08-13
26.9,24.4,19.05,45452.72,31266.12,3.91,5.1,5.1,12.6,29.5,8,36.7,2021-08-14
25.7,24.2,7.49,45411.21,1138.17,1.61,14.9,14.9,6.1,22.0,8,33.2,2021-08-15
27.5,23.7,23.75,45369.54,42810.62,4.93,0.6,0.6,7.4,20.5,8,38.1,2021-08-16
27.6,24.8,22.2,45327.43,39066.22,4.57,6.2,6.2,9.8,31.3,8,38.1,2021-08-17
27.1,24.7,18.87,45284.77,40690.41,3.87,15.8,15.8,6.6,24.1,8,38.0,2021-08-18
27.1,23.7,23.25,45241.59,42640.82,4.74,7.9,7.9,8.5,19.8,8,38.9,2021-08-19
27.0,24.6,19.27,45197.95,35964.37,3.96,15.8,15.8,6.6,20.2,8,39.3,2021-08-20
26.5,24.5,13.17,45153.86,18946.4,2.74,8.5,8.5,10.6,25.9,8,36.0,2021-08-21
27.1,25.1,21.68,45109.37,42108.23,4.41,13.0,13.0,14.0,29.5,8,38.8,2021-08-22
26.8,24.4,19.88,45064.52,33600.48,4.07,13.8,13.8,10.4,27.4,8,36.5,2021-08-23
26.5,24.4,12.05,45019.33,11287.73,2.57,7.1,7.1,4.7,20.2,8,34.7,2021-08-24
26.6,24.2,16.86,44973.84,35462.62,3.42,7.3,7.3,8.8,31.7,8,35.6,2021-08-25
26.7,24.4,14.0,44928.1,21332.56,2.98,2.5,2.5,10.6,34.6,8,34.6,2021-08-26
27.0,24.1,19.71,44882.13,40267.61,4.06,1.5,1.5,8.0,32.0,8,37.9,2021-08-27
27.1,24.4,20.01,44835.96,37782.69,4.13,7.4,7.4,9.2,31.3,8,38.0,2021-08-28
26.8,25.1,13.98,44789.63,25363.2,2.94,12.4,12.4,11.0,32.8,8,34.6,2021-08-29
26.4,23.5,15.99,44743.17,24141.42,3.34,6.4,6.4,7.4,19.8,8,36.9,2021-08-30
26.9,24.4,15.31,44696.61,21721.66,3.17,7.5,7.5,12.2,28.1,8,37.2,2021-08-31
26.4,24.1,12.5,44649.98,19347.56,2.62,21.5,21.5,10.6,23.0,9,35.3,2021-09-01
26.9,24.2,21.46,44603.32,37131.2,4.35,14.8,14.8,6.9,23.8,9,38.5,2021-09-02
26.6,23.2,23.88,44556.66,41363.11,4.71,4.0,4.0,12.4,28.1,9,37.1,2021-09-03
26.8,24.0,22.51,44510.02,39358.49,4.51,7.4,7.4,11.6,28.1,9,36.6,2021-09-04
27.2,24.8,17.99,44463.43,28521.68,3.77,2.8,2.8,10.2,20.9,9,37.6,2021-09-05
26.9,24.8,15.79,44416.62,33409.77,3.26,2.8,2.8,6.9,28.1,9,36.5,2021-09-06
26.3,24.7,13.7,44369.47,23071.92,2.73,11.5,11.5,8.3,38.5,9,34.8,2021-09-07
25.2,24.2,1.51,44322.02,0.0,0.98,115.9,115.9,65.8,128.5,9,30.0,2021-09-08
27.0,25.0,16.46,44274.29,26967.42,3.46,6.9,6.9,25.5,51.8,9,36.3,2021-09-09
26.4,24.8,15.1,44226.31,24421.1,3.02,8.7,8.7,17.8,40.0,9,33.9,2021-09-10
25.6,24.9,6.63,44178.12,0.0,1.41,38.1,38.1,19.7,44.3,9,31.1,2021-09-11
26.2,24.4,10.36,44129.75,12536.84,2.14,9.2,9.2,8.0,38.9,9,34.8,2021-09-12
26.7,23.6,19.6,44081.25,36013.41,4.03,13.6,13.6,11.2,25.6,9,37.7,2021-09-13
27.6,24.0,22.53,44032.61,41538.08,4.67,3.3,3.3,9.7,24.8,9,39.6,2021-09-14
27.2,24.0,21.24,43983.9,39549.07,4.34,3.7,3.7,5.8,28.4,9,39.5,2021-09-15
27.0,24.9,16.8,43935.13,35927.86,3.44,6.3,6.3,9.4,24.5,9,38.4,2021-09-16
27.5,24.7,20.25,43886.33,35139.66,4.21,2.5,2.5,11.0,32.4,9,37.9,2021-09-17
27.8,24.6,21.99,43837.54,41345.78,4.54,1.3,1.3,16.4,42.1,9,36.9,2021-09-18
26.2,24.6,8.07,43788.79,11561.38,1.73,14.4,14.4,7.3,25.9,9,33.8,2021-09-19
26.4,24.7,15.53,43740.11,31972.19,3.12,5.3,5.3,6.2,32.8,9,35.9,2021-09-20
27.3,24.2,20.28,43691.52,39284.38,4.21,1.4,1.4,15.8,38.5,9,36.3,2021-09-21
27.8,24.4,21.44,43643.05,40153.52,4.69,2.0,2.0,18.8,41.8,9,36.0,2021-09-22
28.2,24.6,22.35,43594.75,40595.62,4.8,0.3,0.3,12.9,32.4,9,38.0,2021-09-23
27.7,24.4,21.97,43546.62,40364.52,4.58,2.0,2.0,11.2,35.6,9,38.2,2021-09-24
27.2,24.3,20.02,43498.72,39703.64,4.08,3.9,3.9,7.9,31.3,9,37.2,2021-09-25
28.0,25.1,21.23,43450.74,40238.68,4.35,2.2,2.2,7.7,31.0,9,38.4,2021-09-26
27.1,24.8,16.48,43402.56,37170.25,3.34,8.0,8.0,8.6,31.3,9,37.5,2021-09-27
26.8,23.8,19.0,43354.21,35818.05,3.9,12.1,12.1,9.4,22.7,9,39.1,2021-09-28
27.4,24.5,20.7,43305.71,38312.37,4.19,7.9,7.9,14.5,29.5,9,39.0,2021-09-29
27.0,25.0,17.02,43257.12,29041.24,3.39,8.8,8.8,13.3,29.9,9,36.3,2021-09-30
27.5,25.4,20.51,43208.46,34851.11,4.2,3.0,3.0,11.1,25.9,10,38.5,2021-10-01
27.0,25.0,16.16,43159.77,26273.99,3.29,15.6,15.6,7.9,24.5,10,38.5,2021-10-02
27.0,24.8,15.93,43111.06,29797.99,3.28,4.0,4.0,5.8,32.8,10,37.1,2021-10-03
27.0,24.4,12.74,43062.39,16153.83,2.76,3.6,3.6,7.9,41.4,10,35.0,2021-10-04
26.2,25.2,7.65,43013.78,2.5,1.76,18.5,18.5,15.6,33.1,10,33.2,2021-10-05
26.2,24.6,8.11,42965.26,3593.78,1.77,6.2,6.2,6.6,16.6,10,33.7,2021-10-06
26.8,23.8,14.63,42916.88,21984.4,3.08,1.4,1.4,8.1,22.3,10,36.3,2021-10-07
27.3,24.9,16.28,42868.66,34103.24,3.38,2.4,2.4,11.9,32.0,10,37.1,2021-10-08
27.0,24.5,19.13,42820.64,39188.04,3.91,12.1,12.1,11.3,27.0,10,37.8,2021-10-09
27.1,24.9,19.61,42772.85,39179.59,3.94,1.8,1.8,13.8,32.0,10,36.8,2021-10-10
27.8,25.6,12.87,42725.32,20991.65,3.32,4.5,4.5,28.5,60.8,10,35.7,2021-10-11
26.9,25.7,11.17,42678.1,10578.61,2.59,13.8,13.8,21.9,53.6,10,33.6,2021-10-12
26.1,24.6,10.86,42631.22,13977.23,2.24,25.1,25.1,12.1,35.3,10,35.2,2021-10-13
26.1,24.7,12.29,42584.7,15124.47,2.52,21.5,21.5,8.2,22.3,10,35.2,2021-10-14
25.5,24.0,11.86,42538.59,16956.47,2.42,44.6,44.6,10.1,24.5,10,35.0,2021-10-15
26.8,23.3,18.31,42492.58,37829.75,3.8,3.9,3.9,14.3,31.7,10,35.6,2021-10-16
26.7,24.4,15.84,42446.52,27488.4,3.25,16.5,16.5,14.1,32.8,10,38.7,2021-10-17
26.5,24.4,11.66,42400.45,6100.85,2.51,3.2,3.2,11.4,24.5,10,33.9,2021-10-18
27.1,23.2,21.15,42354.41,39146.66,4.48,0.6,0.6,11.6,25.6,10,37.4,2021-10-19
26.9,23.7,16.82,42308.43,32172.05,3.52,0.8,0.8,11.0,27.7,10,36.7,2021-10-20
26.1,24.4,12.73,42262.56,21472.46,2.62,12.2,12.2,12.7,23.0,10,36.4,2021-10-21
26.6,23.5,20.0,42216.83,39033.36,4.05,3.2,3.2,9.7,25.2,10,38.3,2021-10-22
26.9,24.4,18.63,42171.29,33294.23,3.88,6.3,6.3,12.8,33.8,10,37.7,2021-10-23
26.0,24.2,9.56,42125.96,13409.45,1.98,3.6,3.6,11.0,20.2,10,33.4,2021-10-24
25.7,24.5,8.72,42080.91,7469.52,1.83,8.0,8.0,6.0,27.0,10,33.7,2021-10-25
27.1,23.8,18.84,42036.14,37798.55,3.88,0.3,0.3,9.0,28.1,10,37.0,2021-10-26
27.2,23.7,19.37,41991.74,38950.52,4.1,0.2,0.2,7.3,23.4,10,37.9,2021-10-27
27.1,24.7,18.86,41947.71,38932.24,3.91,0.8,0.8,14.5,37.4,10,35.7,2021-10-28
27.1,24.3,21.23,41904.12,38913.36,4.53,0.0,0.0,15.3,32.4,10,35.1,2021-10-29
26.9,23.0,20.61,41861.0,38893.87,4.4,0.7,0.7,13.2,27.7,10,36.4,2021-10-30
26.7,23.1,21.17,41818.4,38873.75,4.57,0.0,0.0,17.6,36.0,10,34.8,2021-10-31
26.7,23.5,20.09,41776.36,38852.99,4.18,0.2,0.2,10.9,26.6,11,36.4,2021-11-01
26.8,23.8,18.65,41734.93,38831.58,3.99,1.2,1.2,13.5,30.6,11,36.2,2021-11-02
27.1,22.5,21.08,41694.14,38809.52,4.56,0.2,0.2,13.5,29.5,11,36.7,2021-11-03
27.4,24.5,20.24,41654.05,38409.3,4.29,0.9,0.9,13.5,28.8,11,36.8,2021-11-04
27.2,24.2,18.3,41614.34,38763.32,3.97,1.9,1.9,17.1,38.2,11,36.4,2021-11-05
27.8,23.9,20.21,41574.85,38739.09,4.3,0.0,0.0,15.0,31.3,11,37.6,2021-11-06
27.6,23.6,19.56,41535.62,35363.66,4.22,0.5,0.5,18.2,39.6,11,37.1,2021-11-07
27.9,25.2,15.87,41496.7,38151.73,3.47,0.4,0.4,13.3,34.6,11,35.4,2021-11-08
27.9,24.9,19.63,41458.13,38662.11,4.38,0.1,0.1,17.6,36.7,11,36.0,2021-11-09
27.4,23.6,18.48,41419.95,34761.54,4.18,0.8,0.8,12.2,23.4,11,36.4,2021-11-10
27.9,23.3,19.66,41382.21,38607.56,4.47,0.1,0.1,16.6,33.1,11,36.6,2021-11-11
27.7,24.8,17.18,41344.95,38579.41,3.79,1.0,1.0,10.9,30.2,11,36.8,2021-11-12
27.8,24.8,16.8,41308.21,38550.74,3.73,0.4,0.4,15.0,32.4,11,36.3,2021-11-13
27.5,24.6,13.92,41272.05,30583.79,3.0,1.6,1.6,9.2,21.2,11,37.0,2021-11-14
27.5,24.7,17.58,41236.51,38491.96,3.62,11.0,11.0,8.1,25.6,11,38.3,2021-11-15
27.8,24.1,18.53,41201.63,36786.84,4.08,0.8,0.8,16.9,36.4,11,36.6,2021-11-16
27.9,24.5,19.57,41167.46,38431.52,4.42,0.6,0.6,14.6,36.7,11,36.2,2021-11-17
27.3,23.8,17.13,41134.05,38400.75,3.62,2.0,2.0,10.0,23.4,11,36.5,2021-11-18
27.4,23.7,17.64,41101.45,38369.69,3.76,3.0,3.0,10.2,25.6,11,36.4,2021-11-19
27.0,24.5,15.69,41069.71,31328.13,3.38,20.8,20.8,13.0,36.7,11,36.7,2021-11-20
26.9,24.4,15.56,41038.88,31938.93,3.28,6.9,6.9,10.9,24.8,11,36.7,2021-11-21
27.2,24.3,17.92,41009.01,37248.77,3.7,3.6,3.6,12.3,25.9,11,38.6,2021-11-22
27.4,24.2,16.88,40980.14,38243.17,3.6,2.5,2.5,13.5,33.1,11,36.2,2021-11-23
27.4,24.7,18.31,40952.32,37333.87,4.03,1.0,1.0,16.6,35.3,11,35.6,2021-11-24
27.0,24.5,12.28,40925.3,26795.93,2.68,4.5,4.5,10.2,30.2,11,36.8,2021-11-25
25.9,25.0,5.57,40898.95,52.62,1.26,4.9,4.9,8.0,18.7,11,32.5,2021-11-26
26.5,24.7,12.8,40873.29,25474.75,2.67,5.9,5.9,12.5,31.0,11,35.7,2021-11-27
25.8,24.2,6.93,40848.37,6891.89,1.47,13.4,13.4,10.4,34.6,11,33.0,2021-11-28
26.9,24.1,15.3,40824.21,36780.82,3.15,14.5,14.5,8.4,20.2,11,37.3,2021-11-29
27.5,23.4,19.47,40800.84,38006.87,4.05,0.5,0.5,8.4,22.3,11,37.3,2021-11-30
27.4,24.9,12.63,40778.3,21064.16,2.7,5.8,5.8,10.8,26.6,12,37.0,2021-12-01
26.9,24.2,17.56,40756.62,37558.26,4.27,0.0,0.0,14.1,27.7,12,34.4,2021-12-02
25.7,22.6,16.74,40735.83,37313.49,3.96,0.3,0.3,16.4,34.2,12,33.7,2021-12-03
25.3,22.2,15.99,40715.97,37072.95,3.58,0.4,0.4,16.6,36.4,12,31.7,2021-12-04
25.3,21.4,18.11,40697.07,36836.82,3.9,0.8,0.8,10.8,29.5,12,32.5,2021-12-05
25.2,21.5,15.76,40679.16,33813.27,3.33,1.6,1.6,9.2,22.0,12,33.5,2021-12-06
25.3,21.8,11.93,40662.28,29945.67,2.75,1.0,1.0,15.5,41.4,12,31.6,2021-12-07
25.8,21.7,18.24,40646.46,37059.21,3.92,0.0,0.0,11.9,29.9,12,33.2,2021-12-08
26.3,23.3,17.52,40631.73,36000.0,4.02,0.0,0.0,14.7,33.5,12,32.4,2021-12-09
26.4,22.4,16.89,40618.13,37049.78,3.85,0.0,0.0,15.5,34.6,12,32.9,2021-12-10
26.5,23.1,11.82,40605.68,25186.87,2.98,0.0,0.0,14.3,31.7,12,32.9,2021-12-11
26.7,23.9,12.92,40594.43,29649.3,2.92,0.1,0.1,12.9,29.5,12,34.7,2021-12-12
26.8,24.2,14.64,40584.4,33543.11,3.42,0.3,0.3,13.3,30.6,12,33.4,2021-12-13
26.1,22.9,17.01,40575.62,37131.71,3.98,0.2,0.2,15.6,35.3,12,32.2,2021-12-14
25.6,21.6,16.11,40568.01,36812.63,3.75,0.1,0.1,18.9,41.0,12,32.7,2021-12-15
26.4,22.4,14.15,40561.51,34396.62,3.6,0.0,0.0,20.3,41.0,12,32.9,2021-12-16
27.3,25.3,12.36,40556.12,24419.06,3.11,8.2,8.2,22.4,53.6,12,35.5,2021-12-17
27.9,25.1,16.87,40551.84,36000.0,4.21,1.0,1.0,20.9,43.2,12,36.0,2021-12-18
24.9,23.8,7.79,40548.66,6301.93,1.58,13.4,13.4,4.1,24.5,12,32.1,2021-12-19
26.2,23.0,16.93,40546.6,36206.41,3.53,7.4,7.4,11.5,20.9,12,36.2,2021-12-20
26.9,23.2,17.18,40545.63,36494.79,3.67,0.5,0.5,12.5,28.1,12,36.4,2021-12-21
25.2,23.5,13.39,40545.77,32423.36,2.57,13.3,13.3,11.7,28.1,12,35.1,2021-12-22
26.5,22.8,17.95,40547.01,36490.12,3.71,1.1,1.1,10.0,20.5,12,35.7,2021-12-23
26.5,23.2,17.76,40549.34,36513.07,3.66,0.4,0.4,10.8,23.8,12,36.0,2021-12-24
26.5,23.2,16.51,40552.77,36305.47,3.56,1.6,1.6,9.8,29.2,12,35.1,2021-12-25
25.9,23.3,15.17,40557.28,34595.09,3.37,3.2,3.2,17.6,44.3,12,31.9,2021-12-26
24.5,22.5,10.0,40562.88,25519.29,2.05,17.0,17.0,6.8,33.5,12,31.8,2021-12-27
24.5,22.4,11.67,40569.55,26257.4,2.61,1.2,1.2,15.1,33.5,12,30.2,2021-12-28
25.0,21.5,15.82,40577.3,36219.09,3.43,0.3,0.3,20.2,42.8,12,30.9,2021-12-29
25.1,21.9,17.7,40586.12,36446.34,3.88,0.0,0.0,19.8,41.0,12,31.2,2021-12-30
24.5,20.4,18.17,40596.01,36516.61,4.05,0.0,0.0,19.5,41.0,12,30.3,2021-12-31
24.8,21.9,16.91,40606.95,35987.72,3.7,0.0,0.0,19.6,41.4,1,29.7,2022-01-01
24.3,20.2,15.22,40618.95,36285.32,3.41,0.0,0.0,17.4,37.8,1,29.1,2022-01-02
24.9,21.0,18.55,40631.99,36437.19,4.29,0.0,0.0,19.3,40.7,1,30.8,2022-01-03
25.3,21.6,16.11,40646.21,36202.18,3.93,0.0,0.0,19.9,41.0,1,30.1,2022-01-04
25.4,20.7,17.79,40661.67,36217.64,4.28,0.0,0.0,18.9,38.2,1,32.0,2022-01-05
25.5,22.2,13.8,40678.32,29522.73,3.3,0.4,0.4,15.5,30.6,1,32.7,2022-01-06
25.4,20.9,17.74,40696.11,36688.95,4.12,0.0,0.0,16.9,35.3,1,33.0,2022-01-07
25.3,21.5,16.7,40715.03,36142.66,3.48,2.5,2.5,12.5,31.0,1,33.8,2022-01-08
25.7,21.3,19.08,40735.02,36605.95,3.87,0.7,0.7,9.4,19.8,1,35.2,2022-01-09
26.0,21.7,19.4,40756.06,36898.4,3.97,0.3,0.3,11.0,20.5,1,35.2,2022-01-10
26.1,22.6,20.72,40778.09,37254.46,4.54,0.2,0.2,15.0,33.8,1,33.3,2022-01-11
25.5,21.9,17.36,40801.1,36724.66,3.81,0.4,0.4,12.0,25.2,1,33.4,2022-01-12
25.0,21.5,16.07,40825.03,36589.27,3.4,3.9,3.9,10.0,19.1,1,32.5,2022-01-13
24.9,21.7,16.65,40849.85,36685.56,3.92,0.3,0.3,17.0,34.6,1,31.5,2022-01-14
24.6,20.6,16.34,40875.52,36961.73,4.17,0.1,0.1,21.6,45.4,1,29.0,2022-01-15
24.7,19.6,18.8,40902.0,36894.06,4.45,0.0,0.0,22.4,46.4,1,30.7,2022-01-16
24.9,20.1,17.31,40929.27,37348.15,4.14,0.0,0.0,19.5,41.8,1,30.3,2022-01-17
24.4,19.3,18.11,40957.27,37497.64,4.21,0.0,0.0,17.4,37.8,1,31.0,2022-01-18
25.6,21.8,10.23,40985.98,25918.68,2.78,2.4,2.4,16.0,33.5,1,32.3,2022-01-19
25.7,22.4,14.36,41015.36,28800.0,3.38,11.7,11.7,15.5,36.4,1,32.5,2022-01-20
25.8,22.4,15.48,41045.38,36593.57,3.54,0.9,0.9,16.3,34.9,1,33.6,2022-01-21
26.4,23.2,18.64,41076.0,37362.4,4.23,2.0,2.0,17.0,35.3,1,33.7,2022-01-22
26.9,23.3,18.39,41107.18,37038.79,4.16,2.3,2.3,16.5,34.6,1,34.5,2022-01-23
26.7,22.7,18.13,41139.22,37486.05,3.9,2.4,2.4,10.5,23.8,1,35.9,2022-01-24
26.6,21.9,19.33,41172.25,37816.22,4.52,0.0,0.0,17.2,37.4,1,35.1,2022-01-25
26.3,24.1,11.71,41206.2,23009.94,2.67,2.5,2.5,13.7,36.7,1,33.7,2022-01-26
27.2,23.8,18.18,41241.02,37384.58,4.2,1.1,1.1,18.2,42.5,1,35.2,2022-01-27
28.0,23.9,19.63,41276.68,37504.37,4.88,0.8,0.8,17.9,38.9,1,36.2,2022-01-28
27.5,23.2,19.99,41313.11,37647.84,4.42,1.2,1.2,14.3,32.4,1,37.5,2022-01-29
26.8,24.7,18.71,41350.27,37865.55,3.89,3.9,3.9,23.5,49.0,1,34.2,2022-01-30
27.3,24.2,19.31,41388.1,37930.87,4.52,0.1,0.1,15.2,34.6,1,34.8,2022-01-31
27.0,23.7,18.27,41426.56,37960.77,4.41,0.5,0.5,16.8,38.2,2,33.4,2022-02-01
26.5,21.9,17.72,41465.61,35211.92,4.34,0.0,0.0,17.3,40.0,2,33.2,2022-02-02
26.0,23.2,12.71,41505.18,22184.64,3.04,2.2,2.2,10.8,29.5,2,33.3,2022-02-03
26.9,22.2,20.71,41545.24,38255.75,4.83,0.0,0.0,14.7,33.5,2,35.3,2022-02-04
26.1,23.0,11.88,41585.75,17536.4,3.18,0.0,0.0,18.6,40.7,2,32.1,2022-02-05
26.6,23.1,20.38,41626.64,38160.2,5.06,0.0,0.0,22.4,47.5,2,32.8,2022-02-06
26.2,23.4,13.56,41667.89,31637.78,3.31,8.8,8.8,19.5,45.4,2,32.9,2022-02-07
27.1,22.9,17.3,41709.45,37160.68,4.29,0.9,0.9,19.8,43.6,2,35.0,2022-02-08
27.4,23.5,20.31,41751.27,38387.62,5.09,0.2,0.2,17.7,38.5,2,34.7,2022-02-09
27.1,22.5,20.01,41793.31,38411.68,5.08,0.0,0.0,22.1,46.8,2,34.1,2022-02-10
27.0,22.4,19.38,41835.52,38230.23,4.88,0.1,0.1,21.5,45.4,2,33.6,2022-02-11
26.9,22.4,19.48,41877.88,36040.3,4.62,3.3,3.3,16.9,36.4,2,36.1,2022-02-12
27.1,24.0,18.03,41920.71,36770.43,4.33,1.4,1.4,19.0,41.8,2,33.6,2022-02-13
26.3,23.8,16.1,41964.18,34651.95,3.37,9.2,9.2,16.0,33.1,2,35.0,2022-02-14
27.0,22.8,19.54,42008.21,38689.05,4.45,0.3,0.3,13.8,32.4,2,35.3,2022-02-15
26.8,23.9,17.93,42052.79,38450.73,3.83,1.7,1.7,8.5,22.7,2,36.2,2022-02-16
26.8,23.7,17.19,42097.85,38642.77,4.09,1.7,1.7,20.9,43.6,2,32.7,2022-02-17
27.5,24.4,19.34,42143.37,38393.48,4.47,3.3,3.3,13.1,30.6,2,34.7,2022-02-18
27.3,22.7,18.86,42189.29,38949.57,4.43,1.8,1.8,14.3,30.6,2,36.7,2022-02-19
27.9,24.1,19.44,42235.57,37918.1,4.66,2.2,2.2,14.8,32.0,2,35.9,2022-02-20
27.6,23.7,19.66,42282.17,35627.03,4.81,0.1,0.1,18.7,44.3,2,35.5,2022-02-21
26.8,25.0,15.3,42329.05,29059.37,3.5,7.9,7.9,18.7,43.2,2,33.8,2022-02-22
27.1,24.2,15.4,42376.17,24509.9,3.91,0.3,0.3,18.0,39.6,2,34.0,2022-02-23
27.4,22.2,22.27,42423.48,39237.9,5.44,0.3,0.3,19.8,42.1,2,36.0,2022-02-24
27.5,23.5,22.19,42470.96,39059.55,5.29,0.3,0.3,20.2,47.2,2,34.2,2022-02-25
27.3,23.8,20.39,42518.55,38774.95,4.66,3.5,3.5,18.6,41.4,2,34.9,2022-02-26
27.5,23.0,22.04,42566.22,38988.29,5.22,1.5,1.5,18.4,41.0,2,35.2,2022-02-27
27.7,23.2,22.89,42613.93,39308.9,5.57,0.0,0.0,21.7,47.2,2,34.5,2022-02-28
27.7,23.1,22.01,42661.64,39844.62,5.53,0.0,0.0,21.4,46.8,3,35.8,2022-03-01
27.7,22.9,20.92,42709.32,39866.12,5.14,0.5,0.5,20.2,44.6,3,35.7,2022-03-02
28.2,23.9,21.66,42756.93,39460.61,5.43,0.6,0.6,21.7,45.7,3,36.5,2022-03-03
28.0,22.6,19.3,42804.43,40300.74,4.74,1.8,1.8,13.8,28.1,3,36.8,2022-03-04
28.5,22.7,20.58,42852.13,40350.16,5.24,0.0,0.0,18.0,35.3,3,38.0,2022-03-05
28.4,22.7,22.98,42900.19,40384.47,5.75,0.0,0.0,22.1,47.2,3,38.2,2022-03-06
28.0,23.6,23.23,42948.57,38636.46,5.4,0.0,0.0,18.3,36.7,3,37.6,2022-03-07
28.4,23.6,20.04,42997.24,40499.95,5.07,0.0,0.0,17.3,38.2,3,37.7,2022-03-08
27.7,24.9,18.49,43046.16,38399.61,5.01,0.0,0.0,19.3,42.8,3,33.8,2022-03-09
28.3,24.8,21.14,43095.3,37833.67,5.54,0.0,0.0,20.1,43.6,3,35.3,2022-03-10
28.3,24.8,18.51,43144.62,38125.1,4.19,2.4,2.4,14.0,33.5,3,38.0,2022-03-11
27.6,24.7,21.16,43194.09,40619.86,4.48,9.6,9.6,16.3,41.4,3,39.5,2022-03-12
27.0,23.8,16.31,43243.66,35137.64,3.67,8.5,8.5,14.5,30.6,3,37.3,2022-03-13
28.2,25.2,20.34,43293.32,40284.07,4.32,2.6,2.6,8.7,30.2,3,38.7,2022-03-14
28.0,23.9,21.67,43343.02,39767.37,4.7,8.4,8.4,10.8,27.7,3,39.2,2022-03-15
28.0,24.4,20.33,43392.74,38113.2,4.51,3.9,3.9,13.3,32.0,3,39.1,2022-03-16
28.7,24.0,20.96,43442.43,40329.78,5.06,2.1,2.1,17.1,39.6,3,38.0,2022-03-17
28.3,25.0,21.73,43492.07,38267.42,4.82,6.1,6.1,12.7,30.2,3,40.0,2022-03-18
28.9,24.7,23.4,43541.61,41054.17,5.19,0.5,0.5,12.8,32.8,3,39.4,2022-03-19
29.3,24.5,21.74,43591.03,41103.88,5.4,0.9,0.9,17.7,40.7,3,39.9,2022-03-20
29.5,24.7,22.6,43640.29,39337.35,5.85,0.3,0.3,20.2,44.3,3,37.5,2022-03-21
30.2,25.4,22.83,43689.36,41202.48,5.86,0.0,0.0,15.6,35.6,3,39.8,2022-03-22
29.7,24.7,23.57,43738.2,41251.3,5.55,0.9,0.9,14.2,34.9,3,39.2,2022-03-23
29.5,25.2,23.5,43786.79,41299.74,6.05,0.2,0.2,20.6,43.9,3,40.0,2022-03-24
29.9,25.5,23.47,43835.4,41347.81,6.33,0.5,0.5,18.9,42.5,3,38.2,2022-03-25
30.3,26.0,22.12,43884.19,41395.97,5.62,1.7,1.7,14.7,34.9,3,39.0,2022-03-26
30.2,25.4,24.04,43933.12,41444.17,6.27,0.0,0.0,19.5,42.5,3,40.0,2022-03-27
29.7,24.8,23.54,43982.17,41492.38,6.22,0.1,0.1,19.9,42.5,3,38.5,2022-03-28
29.0,25.8,23.12,44031.29,41540.57,5.85,0.6,0.6,25.8,56.5,3,35.1,2022-03-29
29.5,25.9,22.72,44080.47,41588.71,6.33,0.1,0.1,23.8,52.6,3,35.9,2022-03-30
30.0,25.2,23.76,44129.66,41636.77,6.14,0.0,0.0,18.1,39.2,3,39.9,2022-03-31
29.2,25.5,21.12,44178.83,41684.71,5.2,0.4,0.4,17.2,40.7,4,36.9,2022-04-01
28.7,24.9,23.85,44227.96,41732.5,6.02,0.6,0.6,20.5,44.6,4,36.4,2022-04-02
28.3,22.4,23.57,44277.01,41780.12,6.08,0.0,0.0,19.5,41.8,4,37.2,2022-04-03
28.4,24.1,21.78,44325.93,39922.23,5.56,2.0,2.0,19.9,44.3,4,35.4,2022-04-04
27.4,24.9,11.97,44374.71,7957.92,3.0,2.2,2.2,14.8,37.8,4,34.6,2022-04-05
27.8,24.2,21.45,44423.32,40133.88,4.73,2.0,2.0,16.6,38.9,4,37.0,2022-04-06
28.2,24.7,20.86,44471.7,39668.19,4.81,1.7,1.7,14.3,34.6,4,37.2,2022-04-07
26.8,25.1,16.1,44519.84,29760.76,3.27,20.5,20.5,12.1,32.0,4,36.7,2022-04-08
28.4,24.6,22.99,44567.69,42060.41,5.27,1.2,1.2,11.7,28.1,4,37.3,2022-04-09
26.9,24.7,15.82,44615.21,28774.94,3.35,7.8,7.8,11.9,34.2,4,34.9,2022-04-10
28.0,24.5,12.71,44662.39,8177.57,3.21,0.1,0.1,11.8,28.4,4,34.7,2022-04-11
26.6,24.6,13.28,44709.16,10492.99,2.96,3.3,3.3,10.9,24.8,4,34.4,2022-04-12
27.3,23.9,17.28,44755.52,34279.5,3.93,0.8,0.8,14.8,31.7,4,36.9,2022-04-13
28.3,24.5,25.44,44801.72,42283.45,5.77,6.9,6.9,13.0,32.0,4,38.0,2022-04-14
28.2,23.7,24.65,44847.91,42327.01,5.57,1.2,1.2,14.2,28.1,4,38.0,2022-04-15
27.8,24.1,20.43,44894.06,39530.29,4.49,6.6,6.6,10.2,27.4,4,37.0,2022-04-16
26.3,24.3,9.14,44940.13,5542.58,2.26,9.6,9.6,12.4,24.5,4,33.9,2022-04-17
27.9,24.5,23.95,44986.09,42456.82,5.61,0.9,0.9,16.6,34.9,4,36.3,2022-04-18
27.6,22.8,23.47,45031.9,42499.68,5.45,0.7,0.7,18.0,38.9,4,35.1,2022-04-19
28.0,24.2,22.72,45077.53,42542.3,5.22,3.5,3.5,19.8,41.8,4,36.5,2022-04-20
28.6,24.1,23.8,45122.95,42565.84,5.36,1.9,1.9,14.9,36.4,4,39.8,2022-04-21
29.2,25.2,22.63,45168.12,42574.58,5.55,0.9,0.9,20.0,43.2,4,37.5,2022-04-22
29.5,24.7,25.15,45213.0,42583.54,6.41,0.0,0.0,19.3,40.0,4,37.7,2022-04-23
29.2,25.1,24.16,45257.57,42592.73,5.81,2.9,2.9,21.0,39.2,4,39.7,2022-04-24
29.0,25.4,19.8,45301.78,41638.76,5.04,3.5,3.5,18.9,40.3,4,37.2,2022-04-25
29.7,26.5,21.19,45345.59,42611.86,5.43,1.1,1.1,20.0,43.2,4,38.4,2022-04-26
29.6,25.7,21.97,45388.97,42621.84,5.72,4.6,4.6,21.0,45.4,4,38.4,2022-04-27
29.4,25.2,24.84,45431.88,39032.12,6.29,2.4,2.4,21.1,46.8,4,38.3,2022-04-28
29.8,26.4,21.28,45474.28,42642.72,5.57,2.3,2.3,20.5,45.4,4,37.6,2022-04-29
28.9,24.0,24.23,45516.13,42653.64,5.89,8.8,8.8,16.9,37.1,4,39.0,2022-04-30
29.6,25.3,24.98,45557.39,42664.92,6.47,0.0,0.0,19.7,42.8,5,37.5,2022-05-01
29.5,24.4,23.82,45598.02,42676.56,6.04,0.7,0.7,17.9,40.3,5,37.8,2022-05-02
29.7,24.7,24.55,45637.98,42688.58,6.19,1.1,1.1,16.4,37.4,5,38.5,2022-05-03
30.0,25.7,25.05,45677.52,42700.99,6.67,0.1,0.1,23.1,49.0,5,37.4,2022-05-04
30.5,25.0,25.2,45716.78,42713.79,6.71,0.3,0.3,18.7,38.5,5,38.9,2022-05-05
30.6,25.4,24.17,45755.71,42726.95,6.37,0.3,0.3,18.6,41.4,5,40.1,2022-05-06
30.7,26.2,24.07,45794.29,42740.45,6.57,0.3,0.3,21.2,45.0,5,39.1,2022-05-07
30.8,26.6,24.88,45832.47,42754.27,6.87,0.0,0.0,23.1,48.2,5,39.1,2022-05-08
30.6,26.5,24.79,45870.23,42768.4,7.02,0.2,0.2,21.2,46.1,5,38.6,2022-05-09
30.5,26.1,24.36,45907.53,42782.81,6.72,0.1,0.1,19.3,43.2,5,38.2,2022-05-10
30.6,25.8,24.47,45944.33,42797.49,6.65,0.8,0.8,18.2,40.7,5,38.7,2022-05-11
30.9,26.4,24.31,45980.59,41719.67,6.55,0.9,0.9,18.2,40.7,5,39.0,2022-05-12
30.2,26.6,23.88,46016.29,39928.99,5.76,8.6,8.6,17.0,40.0,5,39.7,2022-05-13
29.4,26.4,24.57,46051.38,42842.94,5.53,3.8,3.8,15.1,36.7,5,40.6,2022-05-14
27.9,25.1,18.6,46085.83,28800.0,4.07,14.5,14.5,14.2,32.0,5,38.9,2022-05-15
27.2,25.2,17.94,46119.59,28800.0,3.75,16.1,16.1,16.3,39.2,5,38.8,2022-05-16
27.1,25.0,15.38,46152.62,21908.92,3.4,21.8,21.8,13.0,32.0,5,35.5,2022-05-17
26.5,24.7,15.21,46184.9,22334.39,3.19,15.1,15.1,13.0,28.1,5,36.3,2022-05-18
26.7,24.9,15.31,46216.38,23686.31,3.18,13.3,13.3,15.0,36.4,5,36.3,2022-05-19
25.9,24.3,12.78,46247.01,17498.13,2.69,21.7,21.7,9.2,27.0,5,35.4,2022-05-20
27.2,24.8,22.11,46276.75,39104.0,4.66,0.4,0.4,14.3,26.3,5,37.5,2022-05-21
26.2,24.4,13.59,46305.58,23014.71,2.82,13.0,13.0,15.5,31.7,5,35.5,2022-05-22
27.2,24.5,21.03,46333.45,39279.82,4.32,7.4,7.4,14.0,31.3,5,37.0,2022-05-23
28.4,24.6,23.91,46360.55,43004.01,5.17,0.6,0.6,13.1,28.1,5,38.6,2022-05-24
28.4,25.6,23.82,46386.97,42381.96,5.04,0.9,0.9,11.7,28.4,5,39.1,2022-05-25
27.9,24.9,23.99,46412.7,43053.31,5.0,9.5,9.5,12.0,31.0,5,38.3,2022-05-26
28.2,24.7,23.79,46437.7,43070.85,5.12,3.5,3.5,15.0,32.8,5,38.5,2022-05-27
26.1,24.4,10.45,46461.95,7352.55,2.19,40.1,40.1,8.8,23.8,5,34.3,2022-05-28
27.9,24.5,25.13,46485.42,43106.99,5.27,0.7,0.7,16.1,36.0,5,38.1,2022-05-29
27.9,24.5,24.89,46508.11,42866.23,5.21,4.0,4.0,21.3,37.1,5,39.1,2022-05-30
27.1,23.9,17.77,46529.96,29407.05,3.93,6.9,6.9,13.2,39.6,5,38.3,2022-05-31
27.0,25.4,12.39,46550.96,6713.9,2.74,3.8,3.8,9.7,24.5,6,34.7,2022-06-01
27.7,24.2,23.78,46571.09,43167.55,4.89,4.7,4.7,16.1,35.6,6,38.2,2022-06-02
28.5,25.0,25.39,46590.31,43186.07,5.5,1.8,1.8,20.6,40.7,6,39.0,2022-06-03
28.3,25.0,25.44,46608.61,43277.12,5.47,0.2,0.2,11.9,26.3,6,39.7,2022-06-04
28.8,24.5,25.4,46625.95,43200.0,5.56,0.0,0.0,11.6,24.8,6,38.7,2022-06-05
28.9,25.4,23.93,46642.32,43277.57,5.25,2.0,2.0,14.7,32.0,6,39.3,2022-06-06
28.7,25.9,23.33,46657.68,43200.0,5.02,16.2,16.2,13.2,33.5,6,38.5,2022-06-07
27.7,24.1,24.29,46672.01,43052.89,5.05,13.3,13.3,12.1,30.6,6,39.9,2022-06-08
29.2,25.2,23.74,46685.29,43200.0,5.42,0.7,0.7,14.6,30.6,6,38.7,2022-06-09
28.6,25.2,24.65,46697.49,43200.0,5.38,2.4,2.4,15.0,37.8,6,39.5,2022-06-10
28.8,25.4,23.33,46708.58,43200.0,5.04,7.2,7.2,14.1,32.4,6,39.6,2022-06-11
27.5,25.4,18.27,46718.55,36783.16,3.78,10.5,10.5,10.4,31.7,6,38.3,2022-06-12
28.1,24.8,23.75,46727.45,43200.0,5.01,12.5,12.5,13.8,34.9,6,39.0,2022-06-13
28.2,25.4,22.39,46735.32,39600.0,4.87,10.0,10.0,16.2,37.1,6,39.8,2022-06-14
28.7,25.3,22.16,46742.18,42589.59,4.93,3.1,3.1,15.4,34.6,6,38.8,2022-06-15
28.9,25.7,19.04,46748.0,34518.54,4.32,0.4,0.4,13.0,25.6,6,38.3,2022-06-16
29.3,25.4,23.93,46752.79,43200.0,5.26,2.5,2.5,11.9,28.4,6,39.9,2022-06-17
28.5,25.5,20.15,46756.56,42671.07,4.51,5.4,5.4,14.2,31.0,6,38.9,2022-06-18
28.1,24.7,23.57,46759.3,43200.0,5.06,11.3,11.3,10.2,26.6,6,40.5,2022-06-19
28.1,24.4,21.17,46761.02,39897.82,4.67,11.1,11.1,13.5,37.1,6,40.3,2022-06-20
28.0,24.1,22.85,46761.71,43200.0,5.01,2.5,2.5,19.8,45.4,6,38.0,2022-06-21
27.0,23.3,18.39,46761.38,32742.45,4.03,15.7,15.7,13.9,31.0,6,37.3,2022-06-22
27.3,24.5,18.56,46760.03,39385.98,3.95,0.7,0.7,16.0,34.9,6,35.7,2022-06-23
27.4,24.8,18.98,46757.66,39600.0,3.99,3.7,3.7,12.6,27.7,6,37.6,2022-06-24
27.7,24.5,19.78,46754.28,39600.0,4.2,0.9,0.9,10.0,25.6,6,36.9,2022-06-25
27.2,25.6,16.65,46749.88,29374.24,3.44,9.7,9.7,8.6,29.2,6,36.2,2022-06-26
26.2,25.3,10.22,46744.48,14210.95,2.14,27.8,27.8,10.0,19.4,6,35.3,2022-06-27
26.4,24.9,14.38,46738.07,23438.32,3.01,23.0,23.0,16.0,36.7,6,35.1,2022-06-28
26.6,24.8,16.54,46730.66,24444.35,3.42,8.7,8.7,10.8,32.0,6,37.0,2022-06-29
27.1,25.3,15.63,46722.25,21508.2,3.3,29.3,29.3,11.3,34.6,6,36.6,2022-06-30
26.8,25.2,15.72,46712.84,25419.12,3.2,4.9,4.9,17.0,42.8,7,35.5,2022-07-01
27.7,25.1,14.81,46702.45,19283.54,3.38,0.7,0.7,11.2,24.1,7,35.9,2022-07-02
28.7,25.4,19.72,46690.98,32329.9,4.39,0.5,0.5,15.9,28.8,7,39.0,2022-07-03
27.8,25.5,18.05,46678.39,25997.93,3.88,2.6,2.6,12.3,25.6,7,38.5,2022-07-04
26.4,24.8,14.57,46664.7,22461.53,2.98,16.2,16.2,10.2,24.1,7,37.0,2022-07-05
26.3,24.0,17.5,46649.96,25200.0,3.6,24.7,24.7,7.2,20.9,7,38.7,2022-07-06
26.2,24.7,12.82,46634.18,14815.06,2.64,23.3,23.3,13.3,28.4,7,35.5,2022-07-07
26.3,24.1,15.43,46617.4,22082.47,3.16,11.9,11.9,9.4,24.5,7,36.2,2022-07-08
27.0,24.0,23.06,46599.64,38932.71,4.65,28.2,28.2,14.4,32.8,7,37.4,2022-07-09
27.9,25.4,22.58,46580.93,43157.68,4.74,2.6,2.6,13.8,31.7,7,38.7,2022-07-10
27.5,24.9,20.37,46561.29,28284.46,4.25,12.7,12.7,15.1,35.6,7,37.9,2022-07-11
26.6,24.2,14.76,46540.76,13903.29,3.09,23.3,23.3,9.8,32.0,7,38.6,2022-07-12
26.9,24.4,16.09,46519.36,34155.77,3.35,7.0,7.0,11.6,30.2,7,35.3,2022-07-13
27.8,24.3,22.71,46497.13,43200.0,4.74,3.7,3.7,14.8,32.0,7,38.4,2022-07-14
27.9,25.2,23.36,46474.09,43200.0,4.81,11.7,11.7,10.9,29.5,7,38.8,2022-07-15
27.4,24.7,20.91,46450.27,38816.28,4.37,26.6,26.6,12.3,22.0,7,39.9,2022-07-16
26.4,24.0,17.04,46425.69,26001.13,3.54,20.5,20.5,9.4,24.1,7,37.5,2022-07-17
26.2,23.8,16.26,46400.38,26176.05,3.37,17.5,17.5,12.8,28.8,7,38.0,2022-07-18
27.3,24.3,23.08,46374.38,37499.09,4.78,5.7,5.7,14.9,32.0,7,37.4,2022-07-19
28.5,25.0,23.99,46347.7,43200.0,5.27,4.6,4.6,19.4,41.4,7,37.2,2022-07-20
26.8,24.4,13.25,46320.39,11076.81,2.82,21.1,21.1,10.1,24.1,7,34.6,2022-07-21
27.4,25.1,21.38,46292.44,43200.0,4.38,2.3,2.3,9.5,27.4,7,39.9,2022-07-22
27.7,23.9,23.19,46263.67,43200.0,4.83,3.9,3.9,10.9,23.8,7,40.1,2022-07-23
27.8,24.9,21.79,46233.97,39411.84,4.58,7.6,7.6,12.5,28.4,7,38.9,2022-07-24
27.5,25.0,22.11,46203.4,38218.83,4.6,17.1,17.1,5.3,22.3,7,40.7,2022-07-25
27.5,24.4,20.51,46171.99,36016.88,4.25,12.5,12.5,11.4,27.0,7,39.6,2022-07-26
27.1,24.5,22.3,46139.79,40371.5,4.49,7.3,7.3,19.6,40.3,7,37.2,2022-07-27
27.2,25.0,17.88,46106.82,24704.78,3.68,6.9,6.9,15.0,32.4,7,37.2,2022-07-28
26.5,24.9,14.91,46073.14,18680.45,3.03,21.4,21.4,16.5,33.8,7,33.9,2022-07-29
26.2,24.3,12.54,46038.78,8755.5,2.61,15.7,15.7,18.4,35.3,7,33.9,2022-07-30
26.8,25.0,19.41,46003.78,36273.75,3.85,5.2,5.2,14.8,33.5,7,36.6,2022-07-31
26.6,24.6,17.72,45968.18,30673.27,3.6,18.0,18.0,13.1,31.3,8,38.1,2022-08-01
27.3,24.1,18.71,45932.02,36676.89,3.9,0.7,0.7,9.7,19.1,8,37.2,2022-08-02
27.7,24.1,19.12,45895.34,37935.7,4.06,9.9,9.9,10.2,32.8,8,36.8,2022-08-03
26.0,23.9,13.93,45858.16,23099.05,2.89,24.3,24.3,11.2,27.0,8,36.9,2022-08-04
25.0,24.1,6.88,45820.54,819.05,1.49,78.4,78.4,13.7,28.8,8,32.0,2022-08-05
26.0,24.6,16.07,45782.5,21873.04,3.32,16.6,16.6,14.8,26.6,8,34.7,2022-08-06
26.0,24.0,13.94,45744.07,14805.59,2.92,20.3,20.3,10.8,29.5,8,36.1,2022-08-07
26.1,24.7,9.46,45705.3,0.0,2.19,18.2,18.2,15.1,29.9,8,33.9,2022-08-08
27.0,24.7,21.24,45666.22,32109.33,4.39,0.9,0.9,16.6,34.2,8,36.3,2022-08-09
27.2,24.1,19.3,45626.86,29202.55,4.07,0.7,0.7,11.9,27.7,8,36.9,2022-08-10
26.6,24.5,15.26,45587.25,22337.07,3.15,2.7,2.7,10.2,25.2,8,34.7,2022-08-11
27.3,23.7,23.71,45547.14,42973.58,4.92,12.1,12.1,10.8,23.8,8,38.1,2022-08-12
26.2,23.4,15.48,45506.4,21383.16,3.23,15.0,15.0,13.4,24.1,8,37.5,2022-08-13
26.1,24.0,15.0,45465.08,24658.38,3.06,19.4,19.4,12.4,29.5,8,35.1,2022-08-14
25.7,24.0,12.83,45423.21,20630.46,2.62,12.7,12.7,14.8,33.8,8,33.5,2022-08-15
27.0,24.3,22.92,45380.84,39384.14,4.57,3.8,3.8,19.6,41.4,8,36.2,2022-08-16
26.7,24.9,16.21,45338.01,28622.74,3.35,15.5,15.5,20.9,41.8,8,33.6,2022-08-17
25.7,24.6,12.16,45294.74,14400.0,2.49,30.4,30.4,11.9,33.1,8,35.6,2022-08-18
26.3,23.6,20.61,45251.08,33133.11,4.15,5.9,5.9,12.7,29.5,8,37.4,2022-08-19
26.2,23.6,19.14,45207.07,39059.03,3.85,7.0,7.0,12.1,29.5,8,37.1,2022-08-20
26.4,23.1,21.7,45162.73,38233.19,4.34,9.3,9.3,13.0,29.9,8,36.4,2022-08-21
25.9,23.9,7.0,45118.11,0.0,1.8,17.9,17.9,20.1,37.8,8,33.2,2022-08-22
25.2,24.3,4.63,45073.23,0.0,1.29,27.8,27.8,27.6,51.5,8,29.3,2022-08-23
25.8,23.6,12.41,45028.14,11614.02,2.59,8.5,8.5,10.7,24.8,8,33.6,2022-08-24
27.4,23.3,23.51,44982.86,42450.56,4.82,0.1,0.1,7.7,23.0,8,38.1,2022-08-25
27.0,23.7,23.01,44937.44,42407.94,4.64,2.4,2.4,9.0,24.8,8,37.5,2022-08-26
27.2,25.2,19.38,44891.9,26212.85,4.03,16.6,16.6,11.4,29.2,8,38.5,2022-08-27
27.1,24.9,18.91,44846.27,34486.99,3.98,12.3,12.3,10.4,21.2,8,38.5,2022-08-28
27.7,24.3,23.77,44800.59,42279.05,4.93,0.0,0.0,9.1,21.2,8,40.0,2022-08-29
26.9,24.6,18.14,44754.88,32272.61,3.7,4.8,4.8,11.5,23.4,8,37.1,2022-08-30
27.0,24.9,18.77,44709.18,34804.46,3.82,6.0,6.0,13.0,25.9,8,38.1,2022-08-31
26.9,24.7,18.64,44663.21,31707.67,3.75,4.3,4.3,22.7,45.7,9,33.9,2022-09-01
26.2,24.6,10.11,44616.86,2706.97,2.22,11.7,11.7,22.7,47.5,9,31.7,2022-09-02
26.1,25.1,14.07,44570.16,16767.16,2.75,18.0,18.0,25.3,54.7,9,31.9,2022-09-03
26.9,25.1,19.51,44523.14,34153.14,3.82,10.4,10.4,26.6,56.2,9,33.9,2022-09-04
26.9,25.3,15.88,44475.82,32088.8,3.15,9.1,9.1,18.9,37.4,9,35.5,2022-09-05
27.1,24.7,21.31,44428.26,39364.13,4.34,10.0,10.0,11.1,27.4,9,39.0,2022-09-06
28.1,24.4,23.4,44380.48,37866.44,4.91,7.0,7.0,14.1,29.9,9,38.9,2022-09-07
27.9,24.3,23.84,44332.51,41830.41,4.92,19.1,19.1,11.4,25.2,9,40.2,2022-09-08
26.5,23.5,20.8,44284.38,35216.83,4.23,9.7,9.7,8.8,23.0,9,37.6,2022-09-09
26.1,24.0,14.65,44236.13,23406.33,2.97,16.6,16.6,18.4,36.4,9,34.8,2022-09-10
26.8,24.5,21.53,44187.78,37812.92,4.23,8.4,8.4,17.4,38.9,9,35.0,2022-09-11
27.2,25.0,22.82,44139.37,41170.48,4.52,3.8,3.8,20.4,43.2,9,36.0,2022-09-12
27.5,25.4,22.2,44090.93,40900.87,4.57,2.6,2.6,17.5,35.3,9,36.0,2022-09-13
26.9,25.4,21.87,44042.48,39301.83,4.14,4.3,4.3,20.9,43.2,9,34.7,2022-09-14
27.0,25.0,21.03,43994.05,32120.69,4.16,2.5,2.5,17.9,37.8,9,35.2,2022-09-15
26.6,25.1,20.74,43945.68,37832.63,4.08,18.3,18.3,16.3,34.9,9,34.8,2022-09-16
26.4,24.3,17.82,43897.41,28984.66,3.54,12.9,12.9,14.2,30.6,9,34.9,2022-09-17
26.4,24.6,20.53,43849.24,34492.91,3.95,24.8,24.8,22.7,45.0,9,34.8,2022-09-18
25.7,24.7,11.24,43801.21,17008.05,2.3,23.3,23.3,18.5,43.9,9,33.2,2022-09-19
25.4,24.5,9.44,43753.36,7877.49,1.95,23.6,23.6,18.4,36.0,9,31.6,2022-09-20
25.7,23.7,15.0,43705.41,20517.32,2.99,27.4,27.4,17.0,34.6,9,35.4,2022-09-21
25.8,23.7,16.16,43657.21,30078.54,3.21,7.5,7.5,11.6,30.6,9,34.3,2022-09-22
25.4,22.6,20.78,43608.81,39361.6,4.03,15.9,15.9,11.4,25.9,9,36.5,2022-09-23
26.5,23.0,21.39,43560.24,39270.87,4.31,1.3,1.3,6.1,18.7,9,37.5,2022-09-24
26.0,24.5,6.68,43511.54,0.0,1.74,80.2,80.2,37.8,69.8,9,32.1,2022-09-25
26.6,25.1,16.26,43462.72,24839.98,3.34,19.6,19.6,19.8,41.0,9,35.5,2022-09-26
26.5,24.7,20.03,43413.83,34805.21,3.98,11.8,11.8,12.4,28.4,9,36.6,2022-09-27
26.2,23.9,17.1,43364.9,23582.14,3.46,9.2,9.2,10.0,30.2,9,36.5,2022-09-28
26.6,24.0,19.59,43315.96,36201.78,3.95,5.0,5.0,11.0,25.9,9,39.5,2022-09-29
26.5,24.3,16.34,43267.04,36815.67,3.33,6.3,6.3,15.0,31.3,9,34.7,2022-09-30
27.1,23.8,22.54,43218.18,39694.11,4.62,0.5,0.5,17.4,34.9,10,36.4,2022-10-01
27.2,24.1,21.35,43169.39,37004.79,4.45,1.8,1.8,14.6,34.9,10,37.0,2022-10-02
26.6,24.5,12.64,43120.73,12962.54,2.77,3.9,3.9,11.3,30.6,10,35.3,2022-10-03
26.6,23.3,16.37,43072.23,25712.01,3.34,8.4,8.4,9.7,22.7,10,36.9,2022-10-04
27.1,24.8,17.56,43023.9,30925.39,3.7,6.7,6.7,10.9,29.9,10,38.4,2022-10-05
27.9,25.0,21.87,42975.79,39846.02,4.61,1.6,1.6,10.8,29.5,10,38.3,2022-10-06
27.3,24.5,19.32,42927.93,38872.93,4.01,8.2,8.2,10.7,27.0,10,37.9,2022-10-07
27.4,24.3,20.34,42880.35,39646.78,4.17,1.0,1.0,9.7,29.9,10,37.4,2022-10-08
26.5,23.8,20.66,42833.09,38848.2,4.14,6.3,6.3,7.9,25.9,10,38.2,2022-10-09
27.1,23.8,22.49,42786.17,39180.38,4.69,0.8,0.8,19.7,36.7,10,36.9,2022-10-10
27.1,24.0,22.54,42739.3,39170.67,4.64,5.6,5.6,12.3,31.3,10,38.1,2022-10-11
27.3,24.4,17.55,42692.34,38356.82,3.67,3.6,3.6,11.6,25.6,10,35.9,2022-10-12
27.2,24.4,19.8,42645.31,37635.24,4.06,15.3,15.3,9.3,26.6,10,39.0,2022-10-13
26.6,23.7,18.33,42598.26,31737.24,3.7,26.3,26.3,14.8,31.3,10,37.0,2022-10-14
27.2,24.1,21.96,42551.21,39128.43,4.48,9.3,9.3,20.6,45.4,10,35.3,2022-10-15
26.9,25.1,17.95,42504.23,33728.72,3.73,4.0,4.0,23.2,48.2,10,34.8,2022-10-16
26.5,24.2,18.33,42457.32,35504.93,3.57,3.3,3.3,17.8,35.6,10,34.4,2022-10-17
26.8,24.5,18.92,42410.55,36623.74,3.85,6.0,6.0,10.1,23.8,10,37.8,2022-10-18
26.2,24.1,16.83,42363.93,34127.27,3.34,18.5,18.5,8.9,24.5,10,36.1,2022-10-19
25.4,23.5,12.73,42317.52,25200.0,2.62,32.9,32.9,10.2,20.5,10,34.9,2022-10-20
26.7,23.3,19.77,42271.34,39052.2,3.98,2.7,2.7,10.5,26.3,10,36.9,2022-10-21
27.1,24.3,19.0,42225.45,39055.43,3.82,5.6,5.6,11.8,27.0,10,37.7,2022-10-22
26.7,24.7,17.41,42179.87,37805.04,3.48,2.5,2.5,5.6,24.5,10,37.7,2022-10-23
27.5,24.5,20.27,42134.66,39006.9,4.02,9.3,9.3,9.3,29.9,10,38.1,2022-10-24
26.5,25.2,13.55,42089.84,25280.23,2.71,48.2,48.2,10.2,28.1,10,36.1,2022-10-25
26.7,24.0,17.15,42045.46,38296.72,3.68,4.6,4.6,15.6,34.2,10,34.8,2022-10-26
27.3,23.1,21.94,42001.58,38956.04,4.78,0.0,0.0,10.0,23.0,10,37.6,2022-10-27
26.5,24.9,8.09,41958.21,992.52,2.08,9.1,9.1,17.3,33.1,10,33.4,2022-10-28
24.7,24.1,1.62,41915.41,0.0,0.97,138.7,138.7,39.3,76.3,10,28.7,2022-10-29
26.7,25.6,11.87,41873.23,18672.31,2.73,29.6,29.6,29.1,59.8,10,32.5,2022-10-30
27.2,25.4,15.93,41831.32,36647.74,3.53,12.0,12.0,22.9,54.0,10,34.0,2022-10-31
26.2,24.9,14.42,41789.56,34241.93,2.83,9.7,9.7,12.1,32.0,11,33.2,2022-11-01
26.6,23.4,20.37,41747.97,38835.73,4.08,1.2,1.2,11.6,27.0,11,36.8,2022-11-02
26.1,23.7,17.96,41706.61,35397.11,3.61,2.6,2.6,11.6,26.3,11,37.6,2022-11-03
25.9,22.9,17.44,41665.5,37246.72,3.45,15.7,15.7,7.7,25.2,11,36.1,2022-11-04
26.3,23.2,17.83,41624.69,38766.5,3.58,5.4,5.4,6.1,27.4,11,37.4,2022-11-05
26.8,23.6,18.67,41584.23,38742.2,3.85,1.5,1.5,8.7,23.4,11,37.4,2022-11-06
27.0,23.6,17.92,41544.17,38717.31,3.65,1.7,1.7,10.3,21.6,11,36.8,2022-11-07
26.2,24.3,9.66,41504.54,18679.97,1.97,11.9,11.9,8.1,20.5,11,34.4,2022-11-08
27.2,23.9,18.03,41465.39,38665.88,3.68,4.0,4.0,8.1,26.3,11,37.1,2022-11-09
27.2,24.4,18.39,41426.77,38639.37,3.8,10.8,10.8,12.9,25.2,11,37.8,2022-11-10
27.2,24.1,14.84,41388.71,33657.51,3.24,0.0,0.0,13.8,29.5,11,35.1,2022-11-11
27.1,24.2,16.73,41351.28,37708.91,3.43,5.0,5.0,8.9,28.1,11,37.6,2022-11-12
27.4,23.9,18.0,41314.52,38556.94,3.76,0.7,0.7,10.4,28.8,11,37.5,2022-11-13
27.6,24.7,19.69,41278.47,38528.58,4.08,0.6,0.6,15.7,32.8,11,36.5,2022-11-14
27.5,24.8,18.39,41243.2,38499.8,3.83,0.9,0.9,12.2,28.4,11,37.4,2022-11-15
27.4,24.6,19.97,41208.73,38470.64,4.28,0.9,0.9,15.9,37.4,11,36.0,2022-11-16
27.3,24.3,18.71,41175.13,38441.12,4.0,2.7,2.7,12.3,29.2,11,36.5,2022-11-17
26.7,24.5,14.44,41142.45,25801.75,3.06,3.8,3.8,15.1,39.2,11,36.0,2022-11-18
25.9,23.4,12.61,41110.72,21329.86,2.64,19.0,19.0,13.0,36.0,11,34.9,2022-11-19
26.5,24.2,14.08,41079.67,28206.55,3.06,7.2,7.2,15.5,38.9,11,34.9,2022-11-20
26.3,24.3,11.97,41049.16,21609.85,2.55,12.1,12.1,17.2,33.5,11,33.3,2022-11-21
27.1,24.4,17.24,41019.23,38286.55,3.65,1.6,1.6,16.2,34.9,11,34.1,2022-11-22
27.1,24.3,15.08,40989.91,35650.9,3.23,1.5,1.5,10.6,23.4,11,35.5,2022-11-23
27.7,23.8,19.25,40961.23,38220.03,4.23,0.1,0.1,18.7,37.1,11,36.7,2022-11-24
26.9,24.4,17.09,40933.23,38185.96,3.64,0.3,0.3,13.3,29.9,11,35.7,2022-11-25
26.6,22.7,18.77,40905.97,38151.45,3.86,0.4,0.4,9.7,19.4,11,37.6,2022-11-26
26.5,21.4,19.54,40879.46,38116.58,4.28,0.0,0.0,12.8,27.4,11,35.8,2022-11-27
27.0,22.6,18.51,40853.77,38081.43,3.88,0.4,0.4,8.3,22.7,11,37.6,2022-11-28
27.6,23.9,18.73,40828.9,38046.07,4.04,0.2,0.2,13.3,28.8,11,37.0,2022-11-29
27.6,23.8,18.12,40804.92,38010.58,3.87,17.8,17.8,14.4,35.3,11,36.6,2022-11-30
26.9,24.4,16.78,40781.86,37078.61,3.58,0.5,0.5,15.3,41.4,12,34.5,2022-12-01
27.3,24.4,17.58,40759.75,36716.05,3.8,0.4,0.4,19.9,44.6,12,34.9,2022-12-02
27.5,23.7,18.6,40738.64,37194.84,4.02,0.2,0.2,15.5,34.2,12,35.6,2022-12-03
27.4,24.6,16.77,40718.57,37663.93,3.6,0.1,0.1,11.7,28.1,12,36.0,2022-12-04
27.1,24.1,15.13,40699.58,36077.62,3.26,0.2,0.2,13.3,32.0,12,35.5,2022-12-05
27.2,23.7,18.26,40681.71,37183.59,4.03,1.5,1.5,14.4,30.2,12,36.7,2022-12-06
27.4,24.3,18.1,40664.99,37637.18,3.75,2.3,2.3,8.3,17.6,12,36.6,2022-12-07
27.0,23.5,17.36,40649.48,37287.41,3.56,2.7,2.7,10.7,25.9,12,36.4,2022-12-08
25.6,24.1,9.95,40635.19,15096.42,2.05,9.7,9.7,10.5,28.8,12,33.8,2022-12-09
25.2,23.6,8.48,40622.0,7105.69,1.83,17.1,17.1,11.1,24.8,12,32.8,2022-12-10
26.2,23.8,15.85,40609.82,36389.55,3.21,1.3,1.3,9.3,22.3,12,35.1,2022-12-11
26.6,24.1,17.79,40598.67,36000.0,3.58,1.2,1.2,6.8,17.6,12,35.7,2022-12-12
26.7,23.8,15.04,40588.54,36180.13,3.15,2.8,2.8,9.4,27.4,12,36.0,2022-12-13
26.8,24.7,14.68,40579.46,36184.68,3.14,0.5,0.5,13.0,32.8,12,35.7,2022-12-14
26.8,24.1,15.82,40571.43,36293.14,3.37,1.1,1.1,14.8,36.7,12,35.2,2022-12-15
27.5,24.4,18.47,40564.46,36912.17,4.04,0.3,0.3,15.7,36.7,12,35.8,2022-12-16
26.8,23.6,16.69,40558.55,35647.54,3.45,2.5,2.5,9.4,29.2,12,36.1,2022-12-17
26.4,24.3,15.29,40553.73,34186.72,3.27,0.4,0.4,18.1,38.5,12,32.5,2022-12-18
25.2,23.7,8.07,40549.98,13567.2,1.91,1.1,1.1,10.4,19.4,12,31.3,2022-12-19
24.4,22.6,8.86,40547.33,13147.22,1.82,21.8,21.8,11.6,26.6,12,32.2,2022-12-20
25.0,22.2,15.53,40545.77,36000.0,2.98,10.2,10.2,10.1,25.2,12,34.9,2022-12-21
25.1,22.4,16.1,40545.31,36680.59,3.12,2.8,2.8,11.2,27.7,12,32.8,2022-12-22
25.3,23.3,14.45,40545.97,32400.0,3.17,0.0,0.0,11.5,25.6,12,31.2,2022-12-23
24.5,23.2,12.15,40547.74,22877.82,2.73,0.2,0.2,11.3,21.6,12,29.4,2022-12-24
24.3,22.7,13.47,40550.64,34755.38,3.06,0.0,0.0,10.5,26.6,12,28.7,2022-12-25
24.1,21.4,15.71,40554.66,30478.7,3.55,0.0,0.0,18.8,37.8,12,28.8,2022-12-26
24.2,21.7,11.57,40559.81,20513.91,2.53,0.1,0.1,12.5,28.4,12,29.1,2022-12-27
24.6,21.4,15.58,40566.1,32400.0,3.31,0.0,0.0,18.0,37.4,12,30.8,2022-12-28
24.5,22.1,10.86,40573.53,26898.08,2.24,17.6,17.6,14.2,38.2,12,32.1,2022-12-29
26.0,22.8,15.99,40582.18,33873.12,3.34,0.3,0.3,9.9,24.5,12,35.8,2022-12-30
25.6,23.4,8.48,40592.07,15889.46,1.9,2.5,2.5,7.9,21.2,12,32.9,2022-12-31
26.1,23.4,15.37,40603.17,36000.0,3.09,12.4,12.4,8.0,25.2,1,34.7,2023-01-01
26.6,23.2,17.94,40615.46,36207.28,3.76,1.2,1.2,15.4,33.5,1,35.4,2023-01-02
25.6,23.2,15.43,40628.89,36000.0,3.11,13.6,13.6,14.4,42.1,1,34.3,2023-01-03
25.6,23.7,11.62,40643.45,22681.52,2.51,3.3,3.3,9.9,33.1,1,31.5,2023-01-04
24.9,23.2,10.79,40659.09,24055.27,2.18,7.2,7.2,10.5,32.4,1,32.5,2023-01-05
24.9,23.5,11.3,40675.8,24322.53,2.26,11.1,11.1,11.5,31.0,1,32.6,2023-01-06
25.3,22.5,18.58,40693.54,36614.18,3.94,0.1,0.1,20.9,42.1,1,31.2,2023-01-07
24.2,21.0,17.21,40712.27,36545.46,3.63,0.2,0.2,17.4,37.4,1,30.5,2023-01-08
24.7,20.2,17.01,40731.97,36339.51,3.65,0.0,0.0,14.8,31.7,1,33.5,2023-01-09
25.0,21.5,16.68,40752.61,32794.21,3.55,0.0,0.0,11.5,23.4,1,34.4,2023-01-10
25.2,21.6,16.65,40774.16,36000.0,3.58,0.3,0.3,11.5,25.6,1,33.0,2023-01-11
25.3,21.2,18.49,40796.59,36000.0,4.04,0.0,0.0,18.2,37.8,1,32.6,2023-01-12
25.3,22.2,13.62,40819.86,27442.2,2.95,1.8,1.8,10.6,27.7,1,33.5,2023-01-13
24.9,22.6,12.03,40843.95,27958.24,2.42,9.8,9.8,7.6,27.4,1,33.1,2023-01-14
24.2,22.8,10.66,40868.83,20145.37,2.09,23.8,23.8,9.5,28.4,1,33.5,2023-01-15
24.8,22.7,10.53,40894.46,23624.95,2.21,4.6,4.6,8.3,27.7,1,33.3,2023-01-16
25.7,23.1,13.6,40920.82,31201.76,2.89,0.9,0.9,17.1,40.7,1,32.1,2023-01-17
25.5,23.5,13.68,40947.88,24933.14,2.81,7.1,7.1,14.0,35.3,1,33.5,2023-01-18
25.8,23.0,15.63,40975.89,35723.91,3.36,0.1,0.1,13.0,29.5,1,32.3,2023-01-19
25.6,23.1,12.81,41004.98,23281.19,2.89,0.8,0.8,14.8,44.3,1,31.8,2023-01-20
25.3,23.4,9.6,41035.09,14447.35,2.07,5.2,5.2,8.7,25.6,1,32.0,2023-01-21
25.7,23.7,13.82,41066.16,27445.8,3.03,0.2,0.2,14.5,37.1,1,33.1,2023-01-22
26.2,22.5,20.13,41098.14,37666.15,4.3,0.0,0.0,13.3,28.4,1,35.0,2023-01-23
25.8,21.9,18.44,41131.0,36479.71,4.07,0.4,0.4,13.2,32.0,1,34.5,2023-01-24
25.2,23.2,18.27,41164.66,36800.24,3.95,0.0,0.0,14.9,33.1,1,31.2,2023-01-25
25.2,21.8,17.36,41199.11,37038.84,3.8,0.0,0.0,16.3,35.3,1,31.5,2023-01-26
24.7,22.8,9.98,41234.27,18206.53,2.15,12.1,12.1,10.2,26.3,1,31.6,2023-01-27
25.0,23.1,14.94,41270.11,34080.65,3.13,1.2,1.2,13.2,27.4,1,30.7,2023-01-28
24.5,21.9,14.99,41306.57,36460.65,3.25,0.2,0.2,18.2,37.8,1,29.5,2023-01-29
25.1,21.9,15.53,41343.61,35505.25,3.38,0.1,0.1,11.8,27.7,1,31.7,2023-01-30
25.3,23.3,15.81,41381.19,36926.4,3.53,0.0,0.0,17.1,37.8,1,30.0,2023-01-31
26.0,22.1,18.0,41419.25,37758.11,4.01,0.0,0.0,21.6,43.9,2,33.1,2023-02-01
26.5,23.7,16.67,41457.77,30784.74,3.79,0.8,0.8,18.4,39.2,2,35.1,2023-02-02
26.5,22.6,20.72,41496.68,38077.45,4.63,0.1,0.1,15.9,35.3,2,35.3,2023-02-03
26.1,21.9,19.88,41535.95,38177.37,4.61,0.0,0.0,19.6,42.1,2,33.2,2023-02-04
26.1,22.4,16.35,41575.54,36638.84,3.89,0.2,0.2,17.6,37.8,2,32.6,2023-02-05
26.5,23.4,15.38,41615.4,34731.27,3.43,2.9,2.9,11.2,29.2,2,35.0,2023-02-06
27.0,24.1,17.1,41655.5,38123.41,3.87,0.8,0.8,15.5,34.6,2,35.1,2023-02-07
26.6,23.0,19.36,41696.16,38149.04,4.35,1.9,1.9,17.7,38.9,2,34.0,2023-02-08
26.2,22.4,20.03,41737.54,37457.69,4.74,0.0,0.0,18.1,40.0,2,32.7,2023-02-09
26.5,21.7,21.18,41779.59,38325.39,4.98,0.0,0.0,19.8,41.4,2,34.9,2023-02-10
26.5,21.6,20.99,41822.26,38667.68,4.9,0.0,0.0,21.0,44.3,2,34.3,2023-02-11
27.1,22.8,20.84,41865.5,38612.07,4.91,0.0,0.0,20.2,45.0,2,35.1,2023-02-12
26.6,22.0,19.82,41909.27,38718.4,4.27,2.1,2.1,15.0,28.4,2,36.1,2023-02-13
26.3,21.6,18.72,41953.52,30688.42,4.14,2.3,2.3,10.7,23.4,2,35.6,2023-02-14
26.0,21.1,20.71,41998.2,38425.85,4.9,0.0,0.0,19.8,42.5,2,32.4,2023-02-15
26.0,23.2,20.17,42043.28,36837.39,4.45,0.6,0.6,17.4,40.0,2,32.2,2023-02-16
25.6,21.5,22.02,42088.7,38810.95,5.07,0.0,0.0,17.7,40.3,2,32.0,2023-02-17
26.2,22.2,15.54,42134.43,29152.6,3.89,0.8,0.8,16.4,37.1,2,32.5,2023-02-18
23.9,22.9,4.86,42180.41,0.0,1.15,17.9,17.9,15.2,33.1,2,29.3,2023-02-19
25.6,23.1,17.07,42226.62,34056.23,3.49,12.4,12.4,9.9,20.9,2,35.9,2023-02-20
25.7,23.0,17.87,42273.01,38611.77,3.64,10.3,10.3,10.2,20.5,2,35.4,2023-02-21
25.4,22.4,19.87,42319.54,39182.94,4.05,0.0,0.0,10.8,24.8,2,33.8,2023-02-22
26.1,21.8,23.53,42366.16,39308.82,4.69,0.0,0.0,8.8,23.4,2,35.8,2023-02-23
26.5,22.6,22.87,42412.83,39524.54,4.69,0.0,0.0,9.3,19.8,2,36.5,2023-02-24
27.3,23.7,21.53,42459.52,37350.23,4.58,1.8,1.8,12.6,28.8,2,37.4,2023-02-25
26.8,24.5,19.74,42506.19,36987.88,4.32,0.0,0.0,18.6,50.4,2,33.6,2023-02-26
25.9,23.4,19.05,42552.81,36079.04,4.06,0.0,0.0,15.5,35.6,2,32.2,2023-02-27
25.7,22.3,20.87,42599.68,38897.95,4.43,0.0,0.0,15.4,34.9,2,32.2,2023-02-28
26.2,22.2,19.93,42646.98,39426.09,4.26,1.5,1.5,11.9,25.2,3,35.5,2023-03-01
25.8,23.5,19.74,42694.65,39023.23,4.63,0.3,0.3,18.1,36.7,3,33.3,2023-03-02
25.1,21.1,23.37,42742.66,39351.55,5.16,0.0,0.0,16.8,37.1,3,31.7,2023-03-03
25.4,21.1,20.6,42790.98,39794.12,4.55,0.6,0.6,14.3,31.0,3,33.8,2023-03-04
25.2,21.7,22.35,42839.57,39594.04,5.0,0.1,0.1,18.1,35.3,3,32.9,2023-03-05
25.2,20.8,23.53,42888.38,40377.84,5.35,0.0,0.0,17.7,36.4,3,32.8,2023-03-06
25.2,20.5,22.31,42937.39,40065.91,5.03,0.0,0.0,16.3,34.2,3,33.4,2023-03-07
25.5,21.3,22.05,42986.56,40420.85,4.66,2.6,2.6,11.2,22.7,3,34.8,2023-03-08
25.8,21.8,22.18,43035.86,40539.48,4.69,1.4,1.4,10.8,22.0,3,34.2,2023-03-09
25.5,21.3,20.56,43085.24,40590.27,4.49,3.2,3.2,14.1,30.2,3,33.1,2023-03-10
25.2,19.8,20.1,43134.68,40641.02,4.54,0.1,0.1,13.6,28.1,3,33.5,2023-03-11
26.0,21.0,22.68,43184.14,40691.69,5.03,0.0,0.0,15.5,34.2,3,35.4,2023-03-12
25.1,22.8,15.76,43233.57,34906.42,3.46,5.1,5.1,12.6,28.1,3,32.0,2023-03-13
26.3,22.4,21.3,43282.96,40792.63,4.97,0.0,0.0,17.7,38.5,3,34.3,2023-03-14
26.5,21.2,20.16,43332.27,40572.65,4.6,3.1,3.1,12.2,29.9,3,35.3,2023-03-15
27.2,22.1,23.17,43381.45,40892.81,5.43,0.0,0.0,19.5,41.0,3,35.0,2023-03-16
27.3,22.7,21.0,43430.48,40203.54,5.07,0.7,0.7,16.6,34.9,3,36.1,2023-03-17
27.3,22.7,23.34,43479.31,40991.96,5.49,0.0,0.0,18.7,39.6,3,36.3,2023-03-18
27.8,23.3,23.5,43527.93,41041.03,5.81,0.0,0.0,19.0,41.4,3,37.4,2023-03-19
27.5,22.7,23.72,43576.62,41089.78,5.79,0.0,0.0,18.9,38.5,3,36.8,2023-03-20
27.2,21.8,25.06,43625.53,41138.65,6.06,0.0,0.0,21.7,44.3,3,37.0,2023-03-21
27.9,21.2,25.01,43674.62,41187.61,6.31,0.0,0.0,19.7,41.4,3,37.3,2023-03-22
29.0,24.3,25.1,43723.88,41236.62,6.41,0.0,0.0,20.2,44.3,3,36.7,2023-03-23
29.0,23.3,23.14,43773.25,41285.66,5.85,0.7,0.7,19.9,43.9,3,37.7,2023-03-24
29.6,25.7,23.23,43822.71,41334.68,6.2,0.0,0.0,19.4,44.3,3,37.9,2023-03-25
29.5,24.8,24.77,43872.23,41383.67,6.21,0.0,0.0,20.0,41.4,3,38.9,2023-03-26
29.1,24.6,24.56,43921.79,41432.58,6.22,0.7,0.7,19.3,42.5,3,37.5,2023-03-27
28.7,24.0,24.44,43971.33,41481.38,5.83,3.6,3.6,15.5,33.8,3,37.9,2023-03-28
28.6,24.3,21.96,44020.83,41530.05,5.66,2.0,2.0,16.7,36.7,3,37.3,2023-03-29
28.6,23.4,23.96,44070.27,41578.54,5.89,1.5,1.5,17.1,37.8,3,38.5,2023-03-30
28.9,24.5,21.79,44119.6,41626.84,5.25,2.7,2.7,15.3,37.1,3,37.6,2023-03-31
29.4,25.0,23.07,44168.79,41674.91,5.65,0.1,0.1,17.2,39.2,4,37.8,2023-04-01
28.5,24.1,23.13,44217.81,39581.38,5.17,10.4,10.4,16.6,38.2,4,39.4,2023-04-02
28.3,24.4,21.71,44266.63,41770.23,4.9,2.3,2.3,11.2,32.4,4,38.2,2023-04-03
27.7,23.3,22.41,44315.21,39464.47,5.36,11.2,11.2,17.6,36.0,4,36.8,2023-04-04
28.2,24.2,20.09,44363.52,41864.25,5.26,0.0,0.0,16.4,33.8,4,35.8,2023-04-05
28.9,23.6,23.89,44411.52,41910.7,5.75,0.0,0.0,14.7,30.2,4,38.8,2023-04-06
29.0,25.1,22.96,44459.18,41956.72,5.37,0.2,0.2,12.6,28.1,4,38.5,2023-04-07
29.1,24.9,23.4,44506.46,42002.26,5.65,1.2,1.2,17.8,36.7,4,38.5,2023-04-08
28.5,25.5,22.18,44553.65,42047.38,5.48,0.3,0.3,18.2,41.8,4,36.3,2023-04-09
28.6,24.8,22.03,44600.89,42092.45,5.1,1.3,1.3,13.4,27.0,4,37.2,2023-04-10
28.5,24.3,21.77,44648.14,36132.2,5.27,0.0,0.0,19.6,41.0,4,38.2,2023-04-11
26.2,24.5,8.49,44695.36,6813.86,1.99,16.3,16.3,11.7,27.7,4,32.2,2023-04-12
25.1,24.1,6.48,44742.53,7856.79,1.45,40.3,40.3,23.1,43.9,4,32.3,2023-04-13
26.3,24.5,17.09,44789.61,25064.02,3.44,8.7,8.7,14.0,31.7,4,34.7,2023-04-14
27.5,23.9,24.47,44836.57,42315.95,5.08,0.3,0.3,12.0,28.1,4,37.7,2023-04-15
27.7,25.2,24.26,44883.38,42360.07,4.98,3.1,3.1,14.4,32.4,4,39.2,2023-04-16
27.8,25.1,24.1,44930.0,42403.94,4.98,3.6,3.6,15.9,34.9,4,38.7,2023-04-17
28.4,24.3,24.27,44976.4,41990.17,5.49,1.5,1.5,16.0,33.1,4,37.9,2023-04-18
28.8,24.7,24.81,45022.54,42490.74,5.52,0.0,0.0,13.2,29.5,4,38.8,2023-04-19
29.2,25.1,25.52,45068.38,42533.63,5.69,0.0,0.0,13.2,31.3,4,38.3,2023-04-20
28.4,24.6,24.9,45113.9,42089.01,5.41,3.5,3.5,13.1,27.7,4,39.4,2023-04-21
28.9,24.5,24.15,45159.04,42570.17,5.34,0.1,0.1,11.4,25.9,4,39.3,2023-04-22
28.9,24.9,22.95,45203.78,42579.05,5.09,0.3,0.3,15.6,31.3,4,40.3,2023-04-23
29.0,26.0,21.61,45248.08,42588.25,4.8,0.4,0.4,9.2,23.4,4,39.0,2023-04-24
29.0,25.6,24.27,45291.89,42597.78,5.74,1.0,1.0,14.1,31.0,4,38.8,2023-04-25
29.1,25.1,24.27,45335.19,42607.67,5.71,1.2,1.2,12.7,28.8,4,38.3,2023-04-26
29.4,25.4,24.74,45377.92,42617.95,6.16,0.2,0.2,17.7,38.9,4,37.6,2023-04-27
29.6,24.2,24.47,45420.05,42628.62,6.16,0.1,0.1,16.6,35.3,4,39.4,2023-04-28
29.7,25.0,23.45,45461.85,42260.25,5.6,0.9,0.9,16.3,36.7,4,39.4,2023-04-29
28.8,25.1,22.33,45503.45,39066.82,5.25,3.8,3.8,16.1,36.4,4,40.5,2023-04-30
30.1,25.0,24.05,45544.8,42662.59,6.1,0.2,0.2,18.3,37.4,5,40.7,2023-05-01
30.4,26.3,25.07,45585.88,42674.51,6.57,0.0,0.0,20.8,48.6,5,38.0,2023-05-02
30.2,26.6,22.85,45626.66,39603.98,5.96,1.1,1.1,21.5,48.6,5,38.9,2023-05-03
29.5,26.5,19.52,45667.09,38101.97,5.17,0.6,0.6,22.1,49.0,5,36.9,2023-05-04
30.3,25.9,25.03,45707.14,42712.02,6.59,1.6,1.6,19.3,44.6,5,38.9,2023-05-05
30.7,26.6,24.25,45746.77,42142.58,6.65,1.8,1.8,19.5,43.9,5,39.9,2023-05-06
31.0,26.8,25.29,45785.96,42738.36,6.6,0.6,0.6,16.7,38.9,5,39.5,2023-05-07
29.8,25.7,23.59,45824.66,42297.77,5.81,4.2,4.2,17.9,40.3,5,40.0,2023-05-08
29.0,25.3,21.84,45862.83,37629.37,5.0,17.5,17.5,14.1,32.8,5,39.9,2023-05-09
27.5,25.4,16.08,45900.44,21600.0,3.44,16.6,16.6,8.4,28.1,5,39.0,2023-05-10
28.3,25.6,16.11,45937.44,32473.12,3.68,4.1,4.1,12.3,26.3,5,36.4,2023-05-11
28.2,25.5,19.14,45973.8,34785.91,4.21,5.7,5.7,11.9,31.7,5,38.8,2023-05-12
29.1,24.6,24.73,46009.48,42823.05,5.47,0.6,0.6,13.3,27.7,5,40.1,2023-05-13
29.4,25.8,24.08,46044.43,42837.89,5.45,5.1,5.1,14.6,32.8,5,40.3,2023-05-14
29.0,25.1,23.11,46078.62,38560.04,5.27,3.5,3.5,18.5,36.7,5,40.1,2023-05-15
28.4,26.9,20.44,46112.0,32400.0,4.28,22.7,22.7,15.6,37.4,5,37.9,2023-05-16
29.1,25.9,22.83,46144.53,39476.06,5.1,5.0,5.0,13.6,31.0,5,39.0,2023-05-17
29.0,25.5,21.93,46176.18,35764.13,4.87,4.9,4.9,12.8,27.0,5,40.4,2023-05-18
28.9,25.7,20.54,46207.15,37270.34,4.51,6.9,6.9,10.9,29.9,5,39.6,2023-05-19
28.1,25.7,15.58,46237.55,29693.83,3.39,7.2,7.2,9.5,24.5,5,35.7,2023-05-20
28.2,26.0,19.16,46267.36,29021.94,4.15,6.4,6.4,11.3,28.1,5,39.9,2023-05-21
28.6,25.8,22.93,46296.54,40811.73,4.92,6.3,6.3,14.1,31.3,5,39.8,2023-05-22
28.5,25.6,23.14,46325.07,39600.0,4.97,3.7,3.7,12.7,31.3,5,39.2,2023-05-23
28.7,25.3,23.92,46352.92,42481.21,5.2,6.4,6.4,13.1,28.8,5,41.9,2023-05-24
27.6,25.1,22.94,46380.05,36405.88,4.87,14.0,14.0,15.6,34.2,5,41.7,2023-05-25
27.7,23.9,20.92,46406.45,43036.88,4.41,4.6,4.6,11.0,23.8,5,39.0,2023-05-26
27.8,24.8,23.48,46432.06,43069.63,4.92,7.2,7.2,14.7,32.4,5,39.3,2023-05-27
28.6,24.2,24.9,46456.88,43073.45,5.81,1.3,1.3,19.5,40.3,5,38.0,2023-05-28
30.5,27.8,24.68,46480.86,43091.77,6.6,0.4,0.4,29.2,58.0,5,37.5,2023-05-29
29.3,26.6,23.47,46503.98,43110.05,5.84,3.7,3.7,31.0,61.9,5,36.2,2023-05-30
28.4,25.9,20.71,46526.19,40172.7,4.93,5.2,5.2,32.8,64.4,5,34.4,2023-05-31
28.8,26.0,23.32,46547.49,43146.32,5.35,5.9,5.9,28.0,54.7,6,36.5,2023-06-01
27.6,25.6,18.42,46567.83,41976.97,3.93,12.6,12.6,21.9,45.4,6,35.5,2023-06-02
27.9,25.4,20.54,46587.18,42482.1,4.34,7.6,7.6,13.9,32.8,6,37.0,2023-06-03
28.0,25.1,21.95,46605.52,41286.34,4.73,2.3,2.3,13.1,37.1,6,38.7,2023-06-04
27.7,24.9,18.82,46622.8,32100.5,4.11,15.8,15.8,11.8,29.5,6,38.6,2023-06-05
27.6,25.1,18.53,46639.0,34193.27,3.92,15.2,15.2,10.4,24.5,6,38.6,2023-06-06
27.8,24.9,22.98,46654.1,41233.58,4.85,5.6,5.6,11.0,30.2,6,40.0,2023-06-07
27.8,23.4,23.07,46668.19,41225.11,4.91,6.7,6.7,17.1,40.3,6,39.8,2023-06-08
27.4,23.9,23.31,46681.33,40735.21,4.9,8.0,8.0,20.6,44.3,6,37.9,2023-06-09
27.1,25.0,18.96,46693.51,41687.01,3.97,11.5,11.5,19.5,43.2,6,34.8,2023-06-10
26.5,25.2,11.87,46704.72,11585.19,2.54,11.5,11.5,20.7,49.3,6,32.5,2023-06-11
26.9,24.4,15.29,46714.96,22826.86,3.23,7.0,7.0,18.9,47.5,6,34.8,2023-06-12
28.4,25.4,23.98,46724.21,43200.0,5.16,2.0,2.0,24.6,49.0,6,36.0,2023-06-13
29.0,26.5,23.82,46732.48,43200.0,5.12,0.7,0.7,20.6,43.6,6,36.5,2023-06-14
27.6,25.3,19.78,46739.75,37516.89,4.09,15.7,15.7,12.2,29.9,6,39.0,2023-06-15
27.8,24.7,19.89,46746.02,42236.95,4.14,19.2,19.2,17.4,36.4,6,36.7,2023-06-16
28.8,24.8,25.79,46751.28,43200.0,5.95,4.3,4.3,16.3,34.6,6,38.0,2023-06-17
28.6,24.8,24.67,46755.52,43224.27,5.37,1.3,1.3,13.8,31.7,6,38.1,2023-06-18
28.1,24.4,24.18,46758.73,42942.47,5.16,5.1,5.1,18.0,31.3,6,39.6,2023-06-19
28.2,24.9,23.81,46760.93,43200.0,5.06,3.8,3.8,12.8,22.0,6,41.1,2023-06-20
28.3,24.9,25.15,46762.09,43200.0,5.36,7.4,7.4,18.4,33.5,6,40.0,2023-06-21
27.8,24.4,24.6,46762.21,43200.0,5.27,5.7,5.7,10.8,31.0,6,39.5,2023-06-22
28.1,24.0,23.81,46761.29,43200.0,5.08,5.0,5.0,10.3,25.9,6,39.8,2023-06-23
28.3,24.6,19.07,46759.33,43200.0,4.37,2.6,2.6,15.1,36.0,6,36.6,2023-06-24
27.4,24.8,18.59,46756.32,37796.95,3.92,3.0,3.0,11.8,31.3,6,36.6,2023-06-25
27.7,25.5,16.41,46752.25,31707.83,3.54,1.9,1.9,8.3,25.9,6,35.5,2023-06-26
27.7,25.0,18.36,46747.14,33162.36,3.94,3.8,3.8,9.0,24.5,6,37.3,2023-06-27
27.4,24.7,19.97,46740.9,32400.0,4.24,25.6,25.6,11.4,34.9,6,38.3,2023-06-28
27.3,24.7,17.41,46733.55,26717.12,3.7,9.3,9.3,11.8,26.6,6,38.7,2023-06-29
27.7,25.6,19.29,46725.08,35132.46,4.05,1.0,1.0,12.9,28.8,6,36.4,2023-06-30
27.9,24.6,23.19,46715.54,36193.18,4.94,12.1,12.1,11.6,26.3,7,40.0,2023-07-01
27.7,25.1,18.78,46704.93,34057.25,3.96,2.1,2.1,15.6,34.6,7,37.6,2023-07-02
28.6,24.0,24.45,46693.28,43200.0,5.58,0.1,0.1,19.9,40.0,7,37.8,2023-07-03
29.3,24.3,25.01,46680.62,43200.0,5.74,0.0,0.0,13.5,25.6,7,40.4,2023-07-04
29.4,25.6,24.24,46666.95,43200.0,5.63,0.4,0.4,15.8,34.6,7,38.5,2023-07-05
29.8,26.2,25.26,46652.32,43200.0,5.69,3.2,3.2,17.0,31.3,7,39.0,2023-07-06
28.2,24.2,23.06,46636.73,43200.0,4.97,9.9,9.9,15.4,38.9,7,40.5,2023-07-07
29.1,24.5,24.47,46620.21,43200.0,5.37,1.8,1.8,10.6,30.6,7,39.9,2023-07-08
29.4,25.0,24.37,46602.79,43200.0,5.39,1.3,1.3,8.1,23.8,7,39.8,2023-07-09
28.9,25.0,20.1,46584.48,41099.2,4.47,3.0,3.0,12.7,27.4,7,38.5,2023-07-10
28.7,25.4,23.7,46565.31,40180.33,5.13,6.0,6.0,11.9,27.0,7,41.3,2023-07-11
27.6,25.5,15.08,46545.3,24471.24,3.22,10.6,10.6,11.9,29.2,7,38.0,2023-07-12
25.7,25.2,2.73,46524.49,0.0,0.77,50.4,50.4,13.2,24.8,7,32.2,2023-07-13
25.5,24.3,6.4,46502.88,233.83,1.46,44.1,44.1,21.4,39.2,7,31.0,2023-07-14
26.4,25.0,13.49,46480.5,20725.25,2.81,11.5,11.5,20.7,50.8,7,32.8,2023-07-15
26.2,23.9,14.11,46457.38,25545.98,2.93,31.9,31.9,11.8,36.4,7,34.5,2023-07-16
26.9,24.3,16.84,46433.52,36171.68,3.38,10.2,10.2,16.4,42.5,7,35.4,2023-07-17
28.0,24.6,22.54,46408.75,41283.22,4.76,16.4,16.4,10.0,20.5,7,39.0,2023-07-18
27.1,24.1,22.96,46383.0,43200.0,4.69,12.5,12.5,9.0,22.3,7,38.8,2023-07-19
27.1,23.9,23.72,46356.29,43200.0,4.83,9.8,9.8,8.6,23.8,7,40.0,2023-07-20
27.0,24.2,20.85,46328.68,36645.93,4.25,15.2,15.2,10.9,29.2,7,38.9,2023-07-21
26.9,24.5,17.74,46300.19,30136.06,3.67,16.6,16.6,13.2,28.4,7,38.8,2023-07-22
26.4,24.0,17.08,46270.87,27102.13,3.48,10.0,10.0,10.4,26.3,7,36.6,2023-07-23
26.3,23.8,17.57,46240.75,26434.07,3.5,14.1,14.1,18.0,38.9,7,35.3,2023-07-24
27.5,25.3,18.71,46209.88,31035.35,3.95,11.3,11.3,27.9,57.6,7,36.1,2023-07-25
26.5,25.1,12.21,46178.29,6334.99,2.83,14.0,14.0,30.0,64.4,7,30.3,2023-07-26
26.4,24.1,16.38,46146.01,34001.61,3.29,28.5,28.5,25.8,60.5,7,33.0,2023-07-27
26.5,25.0,16.55,46113.09,35818.0,3.31,20.3,20.3,24.2,53.3,7,34.2,2023-07-28
26.4,24.3,19.47,46079.56,39708.75,3.76,18.7,18.7,19.7,44.3,7,34.2,2023-07-29
26.3,24.9,13.96,46045.46,21928.39,2.86,9.7,9.7,22.6,46.8,7,32.3,2023-07-30
26.7,25.2,17.16,46010.82,30079.15,3.51,4.6,4.6,22.1,45.4,7,34.3,2023-07-31
26.9,25.6,18.17,45975.68,34738.31,3.64,7.7,7.7,24.2,49.0,8,33.6,2023-08-01
26.5,25.4,14.6,45940.07,23748.16,2.96,19.3,19.3,23.8,50.0,8,32.8,2023-08-02
27.0,24.9,20.58,45904.03,38753.14,4.06,8.7,8.7,26.6,55.8,8,34.3,2023-08-03
27.8,25.6,22.64,45867.59,43127.11,4.65,3.1,3.1,25.0,51.1,8,34.8,2023-08-04
28.0,26.0,23.85,45830.78,43115.83,4.96,2.8,2.8,30.0,56.5,8,34.6,2023-08-05
28.2,26.5,24.72,45793.63,43105.0,5.3,3.3,3.3,29.7,57.6,8,33.9,2023-08-06
27.9,25.7,23.52,45755.9,43094.61,4.98,3.4,3.4,29.0,55.4,8,33.6,2023-08-07
28.1,25.5,23.94,45717.46,43062.11,4.91,4.0,4.0,23.7,47.5,8,35.8,2023-08-08
27.9,25.4,23.94,45678.37,43074.94,4.89,7.4,7.4,22.9,45.0,8,38.3,2023-08-09
27.9,25.5,23.57,45638.66,43056.92,4.74,5.3,5.3,14.8,33.8,8,38.4,2023-08-10
27.7,25.8,23.49,45598.37,43020.15,4.7,3.2,3.2,19.9,40.0,8,37.0,2023-08-11
27.6,24.8,23.16,45557.54,42982.83,4.69,3.5,3.5,17.6,36.7,8,38.4,2023-08-12
28.2,25.5,24.15,45516.21,39505.17,4.95,1.9,1.9,17.2,35.6,8,38.4,2023-08-13
28.3,26.0,23.73,45474.42,42906.68,4.87,1.8,1.8,13.1,30.6,8,38.5,2023-08-14
28.0,25.7,24.07,45432.21,42867.9,4.92,9.3,9.3,12.7,29.5,8,38.4,2023-08-15
27.5,24.6,22.94,45389.61,42828.71,4.68,4.6,4.6,16.0,33.5,8,38.6,2023-08-16
27.2,24.7,23.94,45346.66,42789.12,4.78,5.4,5.4,21.5,43.6,8,36.7,2023-08-17
27.5,25.4,22.92,45303.4,41913.86,4.62,8.6,8.6,18.1,37.1,8,37.6,2023-08-18
27.5,24.7,23.75,45259.86,42708.91,4.84,1.8,1.8,10.3,25.6,8,39.7,2023-08-19
28.2,24.8,24.44,45216.07,42668.34,5.14,1.3,1.3,16.2,32.8,8,38.2,2023-08-20
27.4,24.5,22.92,45172.07,42474.97,4.67,6.4,6.4,12.0,30.6,8,38.5,2023-08-21
26.8,24.6,19.01,45127.9,37141.9,3.88,5.9,5.9,10.6,27.0,8,38.0,2023-08-22
27.0,24.9,22.61,45083.59,38474.88,4.51,14.7,14.7,17.9,45.4,8,38.8,2023-08-23
26.9,24.7,20.37,45039.16,40529.62,4.15,8.6,8.6,22.1,43.2,8,36.3,2023-08-24
27.1,24.2,19.3,44994.66,30220.71,4.15,4.0,4.0,15.5,32.0,8,37.5,2023-08-25
27.0,25.8,14.2,44950.1,17628.35,3.16,8.8,8.8,22.4,49.0,8,33.5,2023-08-26
26.6,25.5,9.49,44905.23,6831.9,2.35,8.2,8.2,23.1,50.8,8,32.0,2023-08-27
27.4,25.4,22.66,44859.93,40879.49,4.51,1.4,1.4,23.3,49.0,8,36.4,2023-08-28
26.9,25.2,19.56,44814.21,30875.21,4.06,5.2,5.2,30.5,58.7,8,33.1,2023-08-29
26.3,24.9,14.07,44768.13,19366.75,2.96,9.2,9.2,30.1,59.0,8,31.8,2023-08-30
25.9,23.8,15.92,44721.71,27875.6,3.03,35.8,35.8,27.2,54.4,8,31.9,2023-08-31
26.3,24.9,14.77,44675.0,24501.99,2.89,30.5,30.5,25.0,58.3,9,32.0,2023-09-01
26.5,24.9,18.02,44628.01,28800.0,3.44,21.6,21.6,32.5,64.8,9,32.7,2023-09-02
26.4,25.2,14.18,44580.8,21207.19,2.83,16.9,16.9,26.3,52.6,9,32.1,2023-09-03
26.2,25.4,6.6,44533.38,2113.75,1.55,23.0,23.0,18.9,40.7,9,31.5,2023-09-04
26.6,25.4,11.12,44485.79,20863.38,2.3,22.7,22.7,16.5,39.2,9,33.9,2023-09-05
27.2,24.2,21.64,44438.07,39613.51,4.38,3.8,3.8,11.5,27.4,9,38.8,2023-09-06
27.3,24.2,23.37,44390.23,38958.68,4.81,15.8,15.8,10.6,23.4,9,39.5,2023-09-07
27.5,23.8,24.32,44342.33,41463.27,5.06,6.7,6.7,11.5,26.3,9,39.9,2023-09-08
27.6,24.4,22.92,44294.38,39313.99,4.74,7.0,7.0,8.8,20.5,9,39.6,2023-09-09
27.6,24.3,23.64,44246.41,39658.77,4.89,2.3,2.3,11.9,25.9,9,39.2,2023-09-10
27.4,24.5,22.35,44198.46,38107.65,4.56,2.5,2.5,12.9,28.1,9,37.5,2023-09-11
26.6,24.4,17.75,44150.55,32106.99,3.59,10.3,10.3,9.6,25.2,9,37.6,2023-09-12
26.4,24.5,16.97,44102.73,33185.16,3.34,18.4,18.4,15.0,33.1,9,36.3,2023-09-13
26.4,23.7,19.94,44055.0,31152.25,3.97,16.9,16.9,13.5,29.2,9,39.8,2023-09-14
27.1,24.4,18.58,44007.41,28805.68,3.78,12.7,12.7,8.0,20.2,9,38.6,2023-09-15
27.3,24.1,20.83,43959.67,37047.98,4.34,2.2,2.2,11.8,24.5,9,39.3,2023-09-16
26.8,24.4,19.55,43911.66,32631.26,4.11,19.1,19.1,11.6,25.9,9,39.4,2023-09-17
27.3,24.0,17.73,43863.42,32286.4,3.75,0.8,0.8,10.9,22.7,9,38.0,2023-09-18
26.9,23.6,19.54,43814.96,34297.9,4.03,12.2,12.2,11.0,22.7,9,39.1,2023-09-19
27.8,24.2,22.74,43766.35,39284.3,4.81,7.3,7.3,8.7,20.5,9,40.4,2023-09-20
27.4,24.3,19.31,43717.58,30811.39,4.03,2.9,2.9,9.0,23.8,9,39.8,2023-09-21
26.0,23.8,8.18,43668.71,6879.03,1.76,28.8,28.8,8.0,18.4,9,34.4,2023-09-22
25.9,24.3,10.6,43619.76,9152.33,2.23,27.0,27.0,8.0,20.2,9,33.9,2023-09-23
26.8,23.9,14.77,43570.76,22243.94,3.07,9.7,9.7,8.7,17.6,9,36.5,2023-09-24
26.6,24.8,14.16,43521.74,28035.22,2.88,24.3,24.3,8.6,21.2,9,37.3,2023-09-25
26.7,23.7,21.93,43472.74,39811.76,4.41,4.9,4.9,10.8,24.1,9,38.1,2023-09-26
26.5,24.0,19.11,43423.79,33515.67,3.87,11.7,11.7,13.4,27.7,9,38.6,2023-09-27
26.6,24.3,19.31,43374.91,33943.86,3.95,7.6,7.6,10.6,21.6,9,38.4,2023-09-28
26.8,23.6,20.35,43326.13,39255.74,4.11,14.7,14.7,7.8,23.0,9,39.2,2023-09-29
27.3,24.8,22.28,43277.5,35651.21,4.45,4.3,4.3,12.9,28.1,9,38.6,2023-09-30
27.5,25.1,19.35,43229.04,38066.77,3.89,3.7,3.7,16.7,34.2,10,37.3,2023-10-01
26.9,24.9,18.15,43180.79,27927.38,3.65,10.9,10.9,20.9,41.8,10,35.5,2023-10-02
26.7,25.2,15.36,43132.76,25787.58,3.1,5.6,5.6,24.4,49.7,10,34.1,2023-10-03
26.7,25.5,15.08,43084.99,30082.92,3.03,9.4,9.4,22.3,45.4,10,33.8,2023-10-04
26.1,25.1,11.48,43037.52,12839.24,2.34,12.1,12.1,17.9,36.7,10,32.8,2023-10-05
26.5,24.5,16.75,42990.05,30720.83,3.33,8.2,8.2,15.0,34.2,10,34.1,2023-10-06
26.9,23.4,22.31,42942.44,39301.07,4.48,0.9,0.9,11.5,26.3,10,38.5,2023-10-07
27.0,23.9,21.86,42894.73,37162.7,4.56,7.2,7.2,13.0,28.4,10,39.8,2023-10-08
27.6,23.7,21.69,42846.95,39466.2,4.5,6.9,6.9,9.7,21.2,10,39.9,2023-10-09
27.7,24.6,20.86,42799.13,39541.79,4.29,13.6,13.6,9.4,27.0,10,39.3,2023-10-10
26.5,24.9,14.26,42751.32,21095.84,2.9,9.1,9.1,9.8,30.2,10,34.6,2023-10-11
26.9,23.9,18.33,42703.54,39361.36,3.73,7.6,7.6,7.6,24.5,10,37.5,2023-10-12
27.8,24.2,20.26,42655.84,39275.95,4.2,0.8,0.8,6.0,20.2,10,39.6,2023-10-13
27.4,24.6,19.04,42608.25,38328.77,3.97,1.1,1.1,9.8,22.0,10,38.8,2023-10-14
27.3,24.1,18.46,42560.8,36663.15,3.83,6.4,6.4,12.1,28.8,10,36.0,2023-10-15
26.3,23.5,14.94,42513.54,34141.72,2.99,8.7,8.7,11.1,24.5,10,36.2,2023-10-16
27.2,23.6,21.09,42466.49,39173.12,4.35,5.1,5.1,9.8,21.6,10,38.7,2023-10-17
27.5,24.4,20.21,42419.7,39097.94,4.17,1.2,1.2,11.0,28.8,10,38.0,2023-10-18
26.6,25.3,13.71,42373.21,28742.13,2.79,11.5,11.5,7.2,23.8,10,35.9,2023-10-19
26.5,24.0,14.73,42327.06,29620.58,3.02,10.0,10.0,11.5,20.9,10,35.9,2023-10-20
25.4,23.7,7.52,42281.27,0.0,1.63,9.5,9.5,6.3,24.5,10,33.9,2023-10-21
26.0,24.2,15.84,42235.9,33066.62,3.12,8.5,8.5,8.5,30.6,10,34.7,2023-10-22
25.5,23.8,7.32,42190.98,3554.1,1.57,6.8,6.8,6.7,24.1,10,33.4,2023-10-23
26.2,23.3,18.58,42146.56,39012.05,3.75,6.5,6.5,9.2,24.5,10,38.3,2023-10-24
27.3,23.6,19.57,42102.66,38995.34,4.03,0.9,0.9,6.2,16.6,10,38.4,2023-10-25
27.0,24.3,19.18,42058.97,38977.93,3.86,5.8,5.8,8.2,29.5,10,38.6,2023-10-26
26.1,23.8,17.35,42015.34,36833.48,3.43,7.0,7.0,13.1,28.4,10,38.2,2023-10-27
27.0,23.5,20.36,41971.82,38941.29,4.18,1.3,1.3,7.2,21.2,10,39.6,2023-10-28
27.4,23.8,20.52,41928.43,38922.07,4.32,0.9,0.9,8.9,19.4,10,38.2,2023-10-29
27.3,23.0,20.98,41885.23,38902.25,4.47,0.4,0.4,13.6,27.7,10,37.0,2023-10-30
27.2,23.2,19.18,41842.25,35281.84,4.14,5.6,5.6,12.6,27.7,10,36.0,2023-10-31
25.5,23.4,8.63,41799.53,9436.69,1.83,21.4,21.4,6.9,22.3,11,34.3,2023-11-01
26.0,23.7,12.27,41757.12,27325.93,2.51,14.9,14.9,9.0,16.6,11,35.7,2023-11-02
26.6,23.4,18.57,41715.07,38682.37,3.79,2.2,2.2,11.0,22.0,11,39.6,2023-11-03
27.0,23.4,18.67,41673.41,38794.45,3.82,4.8,4.8,9.4,24.1,11,38.2,2023-11-04
27.2,24.2,16.78,41632.2,36328.93,3.46,1.2,1.2,6.6,21.2,11,38.2,2023-11-05
27.8,24.0,20.15,41591.47,38747.38,4.26,1.3,1.3,10.0,24.1,11,39.5,2023-11-06
27.5,24.3,17.5,41551.27,35721.38,3.74,1.3,1.3,10.7,29.9,11,37.2,2023-11-07
27.3,24.6,16.1,41511.65,36934.62,3.34,1.0,1.0,13.3,33.1,11,36.2,2023-11-08
27.7,24.6,19.97,41472.66,38672.75,4.23,1.1,1.1,12.6,27.7,11,38.1,2023-11-09
27.6,23.2,19.88,41434.34,38646.85,4.22,0.4,0.4,9.2,27.7,11,38.7,2023-11-10
27.1,23.2,16.06,41396.74,35557.09,3.44,1.0,1.0,12.1,32.8,11,36.2,2023-11-11
27.6,24.4,18.34,41359.92,38593.52,3.84,1.2,1.2,10.5,28.8,11,38.3,2023-11-12
27.2,24.6,15.02,41323.92,37256.6,3.25,0.6,0.6,13.1,35.6,11,35.8,2023-11-13
27.3,24.8,16.15,41288.78,35927.75,3.45,0.7,0.7,17.5,40.3,11,34.9,2023-11-14
27.4,25.2,16.35,41254.2,36372.05,3.58,1.3,1.3,14.3,41.4,11,35.9,2023-11-15
27.2,24.3,19.02,41220.04,38480.46,4.11,0.0,0.0,13.4,30.2,11,36.0,2023-11-16
27.1,24.1,20.32,41186.34,38450.37,4.52,0.0,0.0,15.1,31.7,11,35.7,2023-11-17
26.5,22.8,18.33,41153.13,38419.58,3.93,0.6,0.6,15.8,37.1,11,35.0,2023-11-18
26.5,23.5,15.92,41120.46,38388.13,3.56,0.0,0.0,10.4,24.1,11,34.3,2023-11-19
26.7,23.2,17.81,41088.38,37463.32,3.83,0.3,0.3,10.1,23.8,11,35.3,2023-11-20
26.8,23.4,17.43,41056.9,38323.55,3.74,2.0,2.0,8.8,18.4,11,36.5,2023-11-21
26.4,22.3,17.02,41026.09,38290.55,3.59,0.9,0.9,10.5,21.2,11,36.9,2023-11-22
26.2,22.9,13.79,40995.99,26445.38,2.88,9.0,9.0,9.5,30.2,11,36.8,2023-11-23
27.1,23.8,16.36,40966.62,37977.17,3.48,1.0,1.0,12.3,35.3,11,36.2,2023-11-24
26.2,24.8,8.82,40938.05,16843.16,1.9,4.6,4.6,10.2,33.1,11,33.0,2023-11-25
26.9,24.1,17.09,40910.32,37459.43,3.66,0.9,0.9,14.7,38.5,11,34.7,2023-11-26
27.3,23.4,18.44,40883.46,38120.92,4.02,1.7,1.7,13.2,30.6,11,37.2,2023-11-27
27.6,24.5,18.45,40857.52,38086.51,4.05,0.3,0.3,16.0,40.3,11,36.0,2023-11-28
27.7,24.6,16.42,40832.55,36910.84,3.62,1.1,1.1,15.9,38.5,11,35.8,2023-11-29
27.9,25.2,17.29,40808.59,37448.27,3.8,0.0,0.0,16.5,35.6,11,35.2,2023-11-30
27.7,25.1,16.63,40785.69,37688.0,3.72,0.4,0.4,21.4,48.6,12,34.9,2023-12-01
27.7,24.8,17.7,40763.88,36957.07,3.98,0.0,0.0,19.6,39.2,12,35.4,2023-12-02
27.2,23.7,16.17,40743.23,37195.97,3.59,1.7,1.7,18.4,44.3,12,35.2,2023-12-03
27.8,23.6,18.66,40723.77,37785.76,4.22,0.1,0.1,13.6,29.9,12,36.6,2023-12-04
27.4,24.1,16.18,40705.29,37776.73,3.34,2.3,2.3,6.1,21.2,12,37.7,2023-12-05
26.6,24.5,15.68,40687.72,29859.24,3.25,12.4,12.4,11.8,24.8,12,38.4,2023-12-06
27.0,23.1,16.69,40671.07,37780.04,3.65,1.2,1.2,15.3,27.0,12,38.2,2023-12-07
27.8,24.5,17.46,40655.35,37745.11,3.96,0.0,0.0,13.6,29.5,12,35.9,2023-12-08
27.0,22.3,17.29,40640.58,37508.23,3.75,0.0,0.0,12.0,21.6,12,37.5,2023-12-09
27.2,22.5,17.47,40626.8,37674.59,4.01,0.4,0.4,16.5,34.9,12,35.6,2023-12-10
26.8,22.6,16.62,40614.0,37267.93,3.55,0.4,0.4,8.4,25.9,12,37.1,2023-12-11
27.4,23.2,17.6,40602.21,37367.98,3.94,0.0,0.0,13.8,29.9,12,36.5,2023-12-12
27.8,24.9,18.26,40591.45,36929.23,4.0,0.6,0.6,16.6,39.6,12,36.6,2023-12-13
27.5,24.1,15.74,40581.73,35795.64,3.73,0.2,0.2,20.6,45.0,12,33.7,2023-12-14
27.0,23.9,11.66,40573.08,29197.19,2.72,18.2,18.2,14.3,31.7,12,33.8,2023-12-15
26.1,22.9,14.15,40565.51,31846.19,2.93,3.5,3.5,10.0,28.4,12,37.5,2023-12-16
26.8,23.5,17.56,40559.04,36399.27,4.02,1.6,1.6,18.1,37.8,12,33.9,2023-12-17
26.6,23.4,14.99,40553.68,31386.18,3.29,1.0,1.0,18.4,43.6,12,35.2,2023-12-18
27.4,24.1,17.01,40549.46,36400.06,3.89,0.4,0.4,16.6,35.3,12,35.1,2023-12-19
28.0,24.4,16.95,40546.38,36000.0,3.93,0.2,0.2,13.8,29.2,12,36.5,2023-12-20
27.3,24.4,12.78,40544.47,31062.93,2.93,0.5,0.5,9.4,24.5,12,36.1,2023-12-21
25.8,23.3,12.01,40543.74,28267.66,2.78,11.7,11.7,15.5,27.7,12,31.7,2023-12-22
25.2,22.8,12.37,40544.2,33935.46,2.73,0.9,0.9,12.5,27.7,12,31.3,2023-12-23
26.2,23.3,15.79,40545.87,32513.82,3.31,0.7,0.7,14.8,36.4,12,34.3,2023-12-24
26.3,23.5,15.53,40548.77,36125.22,3.43,0.5,0.5,20.0,42.5,12,32.7,2023-12-25
26.4,23.8,15.21,40552.89,35510.04,3.23,0.9,0.9,17.6,42.5,12,34.4,2023-12-26
26.7,23.7,16.16,40558.21,32529.95,3.42,1.9,1.9,13.5,32.8,12,35.3,2023-12-27
27.0,23.8,16.87,40564.71,36211.7,3.7,0.3,0.3,14.6,30.6,12,34.7,2023-12-28
26.8,22.9,16.91,40572.37,36315.69,3.71,0.2,0.2,17.1,38.9,12,34.5,2023-12-29
27.3,24.0,17.16,40581.18,36051.98,3.84,0.3,0.3,15.8,36.7,12,35.5,2023-12-30
26.8,23.8,15.82,40591.1,36301.56,3.23,5.4,5.4,11.7,25.6,12,37.6,2023-12-31
27.0,23.9,15.87,40602.12,36138.29,3.31,0.4,0.4,8.3,21.2,1,36.8,2024-01-01
26.8,24.2,14.27,40614.21,36059.66,3.0,1.5,1.5,7.2,25.2,1,35.5,2024-01-02
26.6,23.5,17.36,40627.37,36283.43,3.52,0.5,0.5,7.6,23.8,1,36.9,2024-01-03
27.3,23.9,16.6,40641.55,36139.68,3.68,0.0,0.0,10.2,22.3,1,35.2,2024-01-04
27.1,23.8,17.63,40656.74,36360.16,3.79,0.1,0.1,10.6,25.9,1,35.8,2024-01-05
26.8,22.2,16.64,40672.92,36352.1,3.82,0.0,0.0,11.3,23.4,1,35.3,2024-01-06
26.7,23.6,17.81,40690.06,36386.64,4.06,0.0,0.0,14.6,32.0,1,33.8,2024-01-07
27.0,23.8,16.34,40708.15,36215.38,3.79,0.4,0.4,17.6,44.6,1,34.2,2024-01-08
26.8,23.3,15.7,40727.15,36001.86,3.54,1.6,1.6,14.1,36.4,1,35.6,2024-01-09
26.9,23.2,17.88,40747.05,36354.21,3.74,1.3,1.3,8.9,25.6,1,37.4,2024-01-10
26.6,23.8,16.21,40767.82,36210.7,3.62,0.0,0.0,11.8,31.0,1,34.3,2024-01-11
26.2,23.3,16.12,40789.45,34900.93,3.88,0.0,0.0,14.7,32.4,1,32.3,2024-01-12
26.4,23.3,17.15,40811.91,36302.41,4.47,0.0,0.0,21.3,42.5,1,32.0,2024-01-13
26.5,23.6,16.48,40835.42,36683.73,4.0,0.1,0.1,14.3,32.0,1,32.5,2024-01-14
26.2,22.3,17.6,40860.07,36988.59,3.96,0.3,0.3,11.9,28.4,1,33.2,2024-01-15
25.8,22.6,19.23,40885.82,36990.54,4.47,0.0,0.0,18.9,40.3,1,31.6,2024-01-16
25.5,22.0,18.56,40912.62,34781.63,4.34,0.0,0.0,18.5,39.6,1,30.9,2024-01-17
25.4,20.0,15.76,40940.41,37146.14,3.8,0.2,0.2,17.3,36.7,1,33.0,2024-01-18
26.6,22.2,16.39,40969.15,36906.49,4.09,0.2,0.2,19.8,41.4,1,33.7,2024-01-19
26.3,21.5,17.61,40998.8,37023.66,3.89,4.1,4.1,9.9,24.5,1,34.4,2024-01-20
27.2,23.0,17.9,41029.31,37028.61,3.84,1.8,1.8,8.9,16.9,1,36.4,2024-01-21
26.9,23.3,15.05,41060.64,32859.67,3.52,2.2,2.2,17.3,34.6,1,35.1,2024-01-22
26.2,23.2,15.48,41092.73,37322.16,3.07,11.6,11.6,8.0,23.4,1,33.8,2024-01-23
26.2,23.3,15.21,41125.55,36811.98,3.57,0.0,0.0,14.8,32.0,1,31.6,2024-01-24
25.8,23.4,15.58,41159.04,37259.75,4.23,0.0,0.0,16.3,33.1,1,32.9,2024-01-25
24.9,21.7,14.28,41193.16,35064.54,3.77,0.0,0.0,19.5,37.8,1,30.5,2024-01-26
24.1,19.3,17.83,41227.88,36360.52,4.2,0.0,0.0,20.3,42.8,1,29.0,2024-01-27
24.3,19.4,17.85,41263.14,37827.14,4.27,0.0,0.0,23.8,47.5,1,30.0,2024-01-28
25.1,21.8,18.86,41298.91,37860.46,4.54,0.2,0.2,23.7,48.2,1,30.2,2024-01-29
25.0,19.1,17.97,41335.14,37890.18,4.36,0.0,0.0,20.1,41.8,1,31.6,2024-01-30
26.0,21.0,16.04,41371.8,37988.75,3.99,0.2,0.2,19.5,40.7,1,33.0,2024-01-31
26.6,21.8,19.17,41408.83,37950.21,4.58,0.1,0.1,22.2,45.4,2,33.9,2024-02-01
27.2,22.8,18.43,41446.21,36565.87,4.74,0.0,0.0,21.6,44.6,2,34.2,2024-02-02
27.2,23.0,20.04,41484.26,38007.46,4.89,0.0,0.0,20.8,42.8,2,35.3,2024-02-03
27.8,23.0,21.02,41523.12,38243.39,5.28,0.0,0.0,20.4,43.2,2,36.1,2024-02-04
27.4,22.7,17.52,41562.73,38197.12,4.69,0.4,0.4,19.2,41.0,2,36.1,2024-02-05
27.2,21.9,19.52,41603.05,38371.91,4.73,0.0,0.0,16.6,34.9,2,37.2,2024-02-06
27.3,22.3,21.44,41644.04,38474.53,5.23,0.0,0.0,20.0,43.2,2,36.8,2024-02-07
27.1,21.0,20.62,41685.63,38425.47,4.74,0.0,0.0,17.0,32.8,2,37.0,2024-02-08
27.1,22.0,19.56,41727.79,38451.28,4.36,2.8,2.8,12.0,24.1,2,37.1,2024-02-09
27.1,23.3,19.93,41770.46,38397.61,4.71,0.2,0.2,17.4,37.8,2,34.6,2024-02-10
26.6,22.4,21.74,41813.61,38500.91,5.02,0.0,0.0,16.1,36.0,2,34.0,2024-02-11
26.0,23.2,20.62,41857.18,38281.11,4.98,0.0,0.0,23.7,48.2,2,31.0,2024-02-12
26.6,23.0,19.44,41901.12,38300.48,4.83,0.0,0.0,19.6,42.1,2,33.2,2024-02-13
27.6,23.6,20.27,41945.41,38402.68,5.1,0.0,0.0,23.1,47.5,2,34.7,2024-02-14
28.0,23.4,18.04,41989.98,38421.67,4.76,0.0,0.0,18.5,39.2,2,36.4,2024-02-15
27.1,22.5,15.24,42034.8,36368.88,3.81,1.6,1.6,15.9,32.4,2,35.2,2024-02-16
27.3,22.4,19.87,42079.82,38894.47,5.27,0.0,0.0,23.2,46.4,2,33.9,2024-02-17
27.9,22.5,19.51,42125.0,39094.9,5.12,0.0,0.0,19.5,40.3,2,35.9,2024-02-18
27.8,24.6,20.71,42170.3,38849.6,5.54,0.0,0.0,22.4,46.1,2,34.7,2024-02-19
27.7,23.1,23.44,42215.69,38960.98,5.82,0.0,0.0,21.0,43.9,2,35.0,2024-02-20
27.6,23.0,20.24,42261.12,39259.29,5.46,0.0,0.0,22.7,47.2,2,33.6,2024-02-21
28.0,21.4,19.55,42306.54,39470.53,5.17,0.0,0.0,22.2,45.0,2,35.6,2024-02-22
27.6,22.0,20.38,42352.3,39210.28,5.25,0.1,0.1,22.3,46.1,2,35.4,2024-02-23
28.3,22.1,21.93,42398.54,39520.0,5.36,0.0,0.0,20.1,41.4,2,37.1,2024-02-24
28.3,25.9,17.91,42445.23,38565.62,4.62,0.2,0.2,20.2,45.4,2,35.9,2024-02-25
27.4,24.1,23.34,42492.31,39367.68,5.92,0.0,0.0,19.1,42.1,2,33.9,2024-02-26
26.8,21.3,22.49,42539.77,39687.97,5.73,0.0,0.0,21.6,45.0,2,33.2,2024-02-27
26.5,20.8,23.75,42587.54,39709.98,6.08,0.0,0.0,22.3,45.7,2,33.1,2024-02-28
27.4,22.4,21.66,42635.61,39318.38,5.76,0.0,0.0,24.1,48.6,2,34.4,2024-02-29
27.5,21.7,18.68,42683.93,40064.8,5.0,0.0,0.0,17.3,33.8,3,34.8,2024-03-01
27.0,22.0,17.22,42732.45,33762.62,4.68,0.1,0.1,17.0,37.4,3,33.3,2024-03-02
27.1,21.8,22.6,42781.15,40110.47,5.81,0.0,0.0,20.5,43.6,3,34.3,2024-03-03
27.8,22.5,19.27,42829.98,40023.42,5.01,0.7,0.7,21.4,45.4,3,36.0,2024-03-04
28.5,24.7,24.39,42878.92,40372.16,6.51,0.0,0.0,19.4,41.4,3,35.6,2024-03-05
28.3,20.7,25.37,42927.91,40428.21,5.74,0.0,0.0,9.7,24.8,3,39.3,2024-03-06
28.2,22.5,19.83,42976.94,40478.94,4.97,0.0,0.0,16.9,33.8,3,38.5,2024-03-07
27.9,23.8,19.77,43025.95,40436.41,5.09,0.9,0.9,19.8,40.0,3,36.3,2024-03-08
27.8,24.3,19.67,43074.92,40456.16,4.94,0.8,0.8,21.2,43.6,3,35.2,2024-03-09
27.7,23.9,21.55,43123.8,39778.68,5.38,0.0,0.0,17.8,39.2,3,35.3,2024-03-10
27.7,23.7,16.55,43172.57,39291.78,4.22,0.4,0.4,16.2,36.0,3,34.3,2024-03-11
27.0,23.7,18.51,43221.18,40274.06,4.0,18.4,18.4,12.7,28.4,3,36.2,2024-03-12
27.5,24.2,21.1,43269.62,40527.74,4.9,0.0,0.0,19.1,40.3,3,35.3,2024-03-13
27.6,23.5,21.83,43318.16,40828.84,5.22,1.0,1.0,16.6,36.4,3,35.2,2024-03-14
27.2,23.6,17.63,43366.97,37524.09,4.25,3.0,3.0,18.8,40.0,3,34.6,2024-03-15
27.9,24.0,22.22,43416.01,39958.48,5.43,2.2,2.2,18.4,39.2,3,35.9,2024-03-16
27.8,23.5,20.7,43465.25,40977.33,4.75,0.9,0.9,14.2,30.6,3,36.4,2024-03-17
27.7,22.8,22.8,43514.65,41027.0,5.5,1.3,1.3,17.7,37.4,3,36.7,2024-03-18
27.6,22.1,21.91,43564.18,41076.71,4.89,4.7,4.7,8.4,24.8,3,36.9,2024-03-19
27.3,24.1,19.62,43613.82,40494.78,4.63,0.3,0.3,17.8,41.0,3,34.4,2024-03-20
26.3,23.3,16.32,43663.52,29066.47,3.95,0.1,0.1,19.9,41.4,3,32.3,2024-03-21
26.6,22.9,13.75,43713.26,23303.13,3.81,0.0,0.0,22.1,45.0,3,32.3,2024-03-22
27.5,24.0,21.38,43763.0,36531.5,5.31,1.5,1.5,24.2,49.7,3,34.9,2024-03-23
28.7,24.1,25.29,43812.7,41324.59,6.61,0.0,0.0,20.8,44.3,3,36.9,2024-03-24
28.8,24.2,25.05,43862.35,41373.81,6.42,0.0,0.0,18.0,40.3,3,38.0,2024-03-25
29.2,23.9,21.13,43911.91,41345.97,5.31,1.3,1.3,19.3,42.8,3,38.4,2024-03-26
28.5,24.8,19.33,43961.33,41471.63,4.6,13.9,13.9,18.0,41.4,3,37.4,2024-03-27
29.6,24.9,23.34,44010.59,41520.17,5.89,2.3,2.3,19.3,43.6,3,40.4,2024-03-28
28.9,25.0,21.93,44059.66,41244.69,5.5,2.5,2.5,18.7,39.2,3,39.6,2024-03-29
29.4,24.4,23.16,44108.49,41616.36,6.28,0.0,0.0,22.2,47.5,3,38.5,2024-03-30
29.1,22.2,24.38,44157.07,41663.93,6.52,0.0,0.0,18.1,40.3,3,39.0,2024-03-31
29.7,24.3,23.45,44205.34,41711.14,6.65,0.0,0.0,22.4,45.7,4,37.4,2024-04-01
29.7,25.3,26.59,44253.3,41757.89,7.41,0.0,0.0,19.4,41.4,4,37.2,2024-04-02
29.5,24.6,24.19,44301.2,41804.22,6.7,0.3,0.3,20.9,43.2,4,38.2,2024-04-03
29.3,23.3,22.08,44349.2,41850.56,6.01,0.7,0.7,21.8,44.3,4,38.6,2024-04-04
29.7,24.5,24.15,44397.25,41896.86,6.51,0.0,0.0,22.7,47.5,4,38.1,2024-04-05
29.4,25.2,22.73,44445.34,41943.09,6.01,0.7,0.7,22.9,48.2,4,37.9,2024-04-06
29.7,24.2,23.02,44493.42,41989.24,6.28,1.3,1.3,22.2,46.1,4,37.2,2024-04-07
29.8,24.2,24.18,44541.47,42035.24,6.5,0.0,0.0,22.5,46.8,4,39.7,2024-04-08
29.3,22.0,23.56,44589.45,42081.1,5.97,0.0,0.0,17.8,36.0,4,40.0,2024-04-09
29.8,24.4,24.36,44637.33,42126.77,6.45,0.0,0.0,19.9,41.0,4,38.8,2024-04-10
30.1,25.9,25.11,44685.08,42172.21,6.86,0.0,0.0,19.2,40.0,4,38.5,2024-04-11
29.9,25.0,26.39,44732.66,42217.41,7.0,0.0,0.0,19.3,42.1,4,39.1,2024-04-12
29.6,23.2,23.23,44780.03,42262.33,6.3,0.0,0.0,20.4,42.5,4,38.3,2024-04-13
30.0,24.2,23.45,44827.17,42306.94,6.27,2.0,2.0,18.8,40.3,4,39.4,2024-04-14
30.6,25.5,24.27,44874.04,42351.2,6.36,0.0,0.0,21.0,43.2,4,40.5,2024-04-15
30.1,24.0,25.92,44920.6,42395.09,7.08,0.0,0.0,23.4,48.2,4,41.0,2024-04-16
29.8,23.5,26.51,44966.81,42438.57,6.9,0.0,0.0,22.0,46.1,4,40.6,2024-04-17
30.5,23.7,26.86,45012.65,42481.63,6.46,0.0,0.0,11.6,31.7,4,40.4,2024-04-18
30.7,25.5,26.61,45058.06,42524.2,7.35,0.0,0.0,22.6,47.9,4,39.0,2024-04-19
30.4,24.5,26.68,45103.02,42558.01,7.44,0.0,0.0,20.3,42.8,4,38.6,2024-04-20
30.7,26.5,26.21,45147.48,42567.0,7.44,0.0,0.0,21.6,45.7,4,38.2,2024-04-21
30.6,25.2,25.37,45191.41,42576.39,7.03,0.1,0.1,21.0,43.2,4,39.5,2024-04-22
31.3,26.7,23.99,45235.08,42586.05,6.22,1.4,1.4,18.6,42.1,4,40.7,2024-04-23
31.3,26.7,23.77,45278.62,42595.96,5.99,3.3,3.3,17.2,38.5,4,42.8,2024-04-24
31.4,26.8,24.78,45322.0,42247.69,6.16,0.2,0.2,15.9,36.7,4,41.9,2024-04-25
31.8,27.1,25.58,45365.19,42616.5,7.12,0.0,0.0,21.1,45.4,4,41.2,2024-04-26
31.7,25.6,25.86,45408.14,42627.15,7.04,0.1,0.1,18.4,37.8,4,42.1,2024-04-27
32.4,28.4,24.93,45450.83,42638.04,7.07,0.5,0.5,18.6,41.4,4,41.8,2024-04-28
32.5,28.4,24.21,45493.22,42649.17,7.03,0.0,0.0,18.3,40.0,4,42.0,2024-04-29
31.7,26.5,26.61,45535.27,42660.56,7.62,0.0,0.0,21.3,39.6,4,41.2,2024-04-30
31.5,26.3,23.57,45576.95,42672.2,6.14,2.0,2.0,14.2,34.2,5,41.6,2024-05-01
31.4,26.6,25.16,45618.22,42684.09,7.07,0.0,0.0,20.9,44.6,5,39.8,2024-05-02
30.9,25.2,24.42,45659.04,42696.23,7.0,0.3,0.3,20.9,44.3,5,39.9,2024-05-03
31.1,25.9,25.15,45699.37,42708.63,6.96,0.1,0.1,19.6,43.2,5,40.5,2024-05-04
31.5,25.6,24.62,45739.18,42721.28,6.71,0.0,0.0,17.3,38.5,5,42.4,2024-05-05
31.9,27.8,23.52,45778.41,42734.18,6.53,0.7,0.7,18.5,36.0,5,41.9,2024-05-06
31.9,27.2,26.7,45817.05,42747.34,7.44,0.0,0.0,19.7,42.1,5,40.8,2024-05-07
31.3,27.1,22.18,45855.05,42760.74,5.99,1.8,1.8,18.1,34.9,5,41.3,2024-05-08
31.8,27.4,23.6,45892.35,42774.41,6.36,1.6,1.6,16.3,36.4,5,42.3,2024-05-09
31.4,27.6,22.14,45928.92,42788.32,5.69,0.9,0.9,10.9,29.5,5,42.2,2024-05-10
30.9,27.2,21.18,45964.72,40022.54,5.12,1.6,1.6,10.5,24.1,5,41.3,2024-05-11
32.3,27.3,24.27,45999.71,42816.92,6.39,0.0,0.0,17.4,34.6,5,42.9,2024-05-12
30.8,25.9,21.84,46034.13,40377.46,5.16,24.9,24.9,18.6,40.0,5,41.6,2024-05-13
30.1,25.2,23.32,46068.08,42847.11,5.32,2.8,2.8,12.7,31.7,5,41.7,2024-05-14
30.3,26.5,22.96,46101.53,42862.84,5.55,4.8,4.8,14.6,32.8,5,41.2,2024-05-15
30.1,25.6,24.25,46134.46,41882.0,5.72,1.9,1.9,11.1,32.8,5,41.5,2024-05-16
29.7,26.4,22.3,46166.83,39600.0,5.39,5.8,5.8,15.9,35.6,5,40.7,2024-05-17
30.1,26.0,23.01,46198.61,36579.11,5.36,3.9,3.9,12.8,30.2,5,41.4,2024-05-18
29.6,27.2,19.66,46229.77,32400.0,4.45,11.7,11.7,11.9,36.0,5,41.4,2024-05-19
30.0,26.0,23.95,46260.26,41740.38,5.69,3.4,3.4,13.3,30.2,5,40.4,2024-05-20
30.9,26.2,25.13,46290.07,42963.6,5.98,0.2,0.2,15.0,33.5,5,41.1,2024-05-21
31.0,27.0,22.05,46319.16,42981.1,5.61,2.4,2.4,14.5,29.5,5,41.5,2024-05-22
31.5,27.2,25.07,46347.49,43014.76,6.82,0.0,0.0,20.0,41.8,5,40.0,2024-05-23
31.1,27.5,23.0,46375.03,43016.34,5.46,4.1,4.1,15.0,37.8,5,41.9,2024-05-24
29.2,25.5,12.53,46401.74,16414.71,3.02,21.7,21.7,14.1,36.0,5,38.0,2024-05-25
25.6,24.8,2.38,46427.59,0.0,0.77,106.9,106.9,28.5,54.7,5,31.0,2024-05-26
27.4,25.3,17.27,46452.55,31885.37,3.57,17.2,17.2,22.2,42.8,5,34.4,2024-05-27
28.0,26.4,21.29,46476.58,36341.47,4.31,10.7,10.7,21.6,44.3,5,36.7,2024-05-28
27.6,25.9,17.92,46499.64,26160.36,3.73,9.7,9.7,14.1,36.0,5,38.8,2024-05-29
28.9,25.1,24.38,46521.7,43121.23,5.22,0.1,0.1,14.3,29.2,5,39.4,2024-05-30
30.0,26.8,24.69,46542.72,39009.45,5.62,1.2,1.2,15.0,31.3,5,40.2,2024-05-31
30.1,26.0,23.51,46562.68,42075.04,5.34,0.5,0.5,13.0,25.9,6,41.3,2024-06-01
29.1,26.0,23.89,46581.7,39279.76,5.14,6.8,6.8,12.5,26.3,6,42.0,2024-06-02
28.7,25.7,24.08,46599.86,43203.13,4.99,3.4,3.4,11.5,35.3,6,39.9,2024-06-03
29.2,26.6,20.28,46617.15,37738.73,4.54,0.8,0.8,12.4,25.9,6,40.0,2024-06-04
27.8,25.6,17.71,46633.55,32637.69,3.78,13.6,13.6,6.4,18.0,6,39.9,2024-06-05
27.2,24.4,18.43,46649.04,30886.71,3.88,9.9,9.9,7.3,22.0,6,40.3,2024-06-06
26.9,24.1,19.69,46663.61,31704.35,4.08,12.3,12.3,7.2,19.1,6,39.0,2024-06-07
27.4,24.6,20.01,46677.24,32120.77,4.1,9.0,9.0,9.4,26.3,6,38.0,2024-06-08
28.1,25.7,20.75,46689.93,32254.28,4.35,6.4,6.4,10.5,28.4,6,39.0,2024-06-09
28.0,24.7,23.63,46701.65,43200.0,4.97,3.1,3.1,12.0,24.8,6,39.3,2024-06-10
28.6,24.6,24.19,46712.4,43200.0,5.1,0.1,0.1,9.7,20.2,6,41.0,2024-06-11
28.8,26.0,23.28,46722.15,43219.63,4.87,5.1,5.1,9.7,23.4,6,40.7,2024-06-12
28.6,25.4,23.68,46730.9,40380.31,4.95,4.9,4.9,7.2,21.2,6,41.5,2024-06-13
28.7,26.3,23.19,46738.63,41556.71,4.92,6.8,6.8,9.8,22.3,6,41.0,2024-06-14
27.9,24.1,23.33,46745.33,39600.0,4.87,15.3,15.3,11.3,27.7,6,39.7,2024-06-15
27.7,24.6,23.47,46750.99,39600.0,4.88,13.7,13.7,10.8,25.6,6,39.6,2024-06-16
27.2,24.6,19.57,46755.59,40613.79,4.04,14.4,14.4,10.1,25.9,6,38.6,2024-06-17
27.4,24.6,20.39,46759.12,39859.23,4.2,18.9,18.9,8.8,21.2,6,39.7,2024-06-18
27.6,25.0,22.95,46761.58,42341.11,4.67,18.9,18.9,10.1,25.9,6,39.8,2024-06-19
27.5,24.1,21.33,46762.95,39600.0,4.4,12.9,12.9,17.9,35.6,6,38.0,2024-06-20
27.1,24.7,20.18,46763.21,36558.71,4.16,22.3,22.3,17.3,35.6,6,38.1,2024-06-21
27.7,24.5,23.33,46762.35,43200.0,4.8,7.9,7.9,10.0,24.1,6,39.6,2024-06-22
26.9,24.7,20.18,46760.38,40976.21,4.06,18.7,18.7,11.6,26.6,6,38.2,2024-06-23
27.2,23.9,20.9,46757.32,37365.23,4.38,13.7,13.7,12.5,27.7,6,39.9,2024-06-24
27.9,24.6,23.91,46753.18,43105.36,4.95,4.3,4.3,20.5,46.1,6,36.4,2024-06-25
27.9,25.2,16.95,46747.96,30276.25,3.82,3.1,3.1,13.6,30.2,6,37.1,2024-06-26
27.8,25.8,20.08,46741.69,33000.18,4.22,8.3,8.3,22.4,49.0,6,35.3,2024-06-27
28.2,25.2,21.48,46734.38,41081.51,4.51,7.0,7.0,12.5,27.7,6,38.7,2024-06-28
28.2,24.5,22.43,46726.04,43200.0,4.8,10.6,10.6,12.3,26.6,6,39.4,2024-06-29
27.3,24.9,21.29,46716.7,42177.47,4.4,13.3,13.3,10.0,36.4,6,40.0,2024-06-30
27.1,24.5,20.33,46706.36,36833.37,4.15,6.0,6.0,8.4,25.2,7,39.2,2024-07-01
27.5,25.0,19.59,46695.04,26428.92,4.01,14.9,14.9,15.4,32.8,7,38.7,2024-07-02
28.3,25.4,24.72,46682.77,40318.19,5.29,5.0,5.0,16.6,35.6,7,38.3,2024-07-03
27.3,25.2,19.38,46669.54,33692.38,3.97,6.3,6.3,8.2,24.1,7,37.8,2024-07-04
26.4,24.0,16.3,46655.39,30442.25,3.31,22.0,22.0,7.0,24.5,7,36.2,2024-07-05
27.5,24.1,21.25,46640.33,39036.17,4.48,8.4,8.4,15.8,36.7,7,37.2,2024-07-06
27.6,24.7,22.09,46624.38,41837.67,4.68,9.6,9.6,13.3,29.9,7,37.8,2024-07-07
26.9,24.3,17.83,46607.54,30399.29,3.64,12.4,12.4,8.0,23.0,7,37.2,2024-07-08
26.9,24.1,18.72,46589.84,27460.26,3.84,15.7,15.7,10.2,24.1,7,39.3,2024-07-09
27.0,24.2,15.24,46571.31,22886.33,3.22,1.1,1.1,8.0,17.3,7,36.9,2024-07-10
26.7,24.0,17.57,46551.94,25933.59,3.64,21.9,21.9,9.7,23.4,7,37.7,2024-07-11
26.7,23.7,20.25,46531.59,32494.59,4.23,13.5,13.5,11.9,25.9,7,39.2,2024-07-12
27.3,24.1,19.09,46510.19,34433.54,4.03,4.8,4.8,16.0,35.3,7,35.9,2024-07-13
27.7,24.3,18.16,46487.77,34158.71,4.06,11.0,11.0,17.7,34.9,7,35.5,2024-07-14
26.8,24.6,17.05,46464.38,28216.04,3.54,12.1,12.1,15.5,32.0,7,36.4,2024-07-15
27.7,24.6,20.85,46440.05,43200.0,4.49,0.6,0.6,20.4,41.4,7,35.5,2024-07-16
26.9,24.8,15.07,46414.81,21933.61,3.19,9.5,9.5,8.8,25.9,7,37.9,2024-07-17
26.8,25.1,16.66,46388.71,25401.42,3.46,13.1,13.1,9.0,35.3,7,39.2,2024-07-18
26.9,24.7,21.87,46361.77,37206.3,4.35,15.0,15.0,17.5,39.6,7,37.0,2024-07-19
27.7,24.4,23.27,46334.03,43200.0,4.77,15.5,15.5,14.9,34.2,7,38.6,2024-07-20
27.0,25.3,14.05,46305.53,21638.14,2.94,8.1,8.1,19.1,42.1,7,34.6,2024-07-21
26.1,25.5,5.81,46276.3,0.0,1.44,29.7,29.7,23.5,45.4,7,31.5,2024-07-22
25.6,24.9,4.94,46246.38,0.0,1.29,60.5,60.5,27.9,53.3,7,29.6,2024-07-23
25.7,24.7,8.74,46215.8,1267.9,1.9,43.0,43.0,27.9,60.1,7,30.1,2024-07-24
26.3,24.5,16.63,46184.6,24053.37,3.18,16.3,16.3,27.3,57.2,7,32.8,2024-07-25
27.7,24.8,22.33,46152.8,43200.0,4.53,4.1,4.1,16.0,45.4,7,37.5,2024-07-26
27.6,24.2,22.48,46120.45,39390.59,4.69,0.3,0.3,9.0,24.1,7,38.5,2024-07-27
26.1,24.5,13.34,46087.57,17223.31,2.68,36.4,36.4,11.6,28.4,7,35.2,2024-07-28
26.6,23.9,19.14,46054.2,32119.37,3.85,2.8,2.8,14.0,28.8,7,36.2,2024-07-29
27.6,24.4,22.34,46020.37,37510.99,4.62,1.6,1.6,12.1,24.8,7,38.0,2024-07-30
27.5,24.4,23.09,45986.09,43166.2,4.76,4.7,4.7,13.0,27.0,7,39.0,2024-07-31
26.7,24.4,21.36,45951.16,43154.29,4.22,14.8,14.8,9.4,27.0,8,37.9,2024-08-01
26.4,23.3,22.31,45915.44,43142.68,4.5,10.2,10.2,11.6,26.3,8,38.7,2024-08-02
26.5,23.1,24.0,45878.98,40546.91,4.79,2.9,2.9,10.2,25.2,8,38.3,2024-08-03
26.6,23.8,22.42,45841.84,42843.62,4.38,4.2,4.2,13.7,31.0,8,36.4,2024-08-04
26.6,24.7,18.62,45804.03,38714.31,3.69,19.0,19.0,14.3,32.4,8,35.7,2024-08-05
26.7,24.8,19.14,45765.61,37342.72,3.79,8.0,8.0,17.6,37.1,8,35.3,2024-08-06
27.7,25.2,24.22,45726.61,43089.23,4.82,2.6,2.6,20.4,40.7,8,36.8,2024-08-07
27.4,26.0,21.86,45687.09,43059.27,4.27,9.7,9.7,19.5,40.3,8,36.0,2024-08-08
27.7,24.9,21.59,45647.06,43064.58,4.38,2.5,2.5,22.7,44.6,8,35.4,2024-08-09
26.6,25.3,17.88,45606.58,35473.85,3.41,9.6,9.6,19.4,41.0,8,33.6,2024-08-10
27.4,24.3,24.69,45565.68,42990.37,4.92,1.2,1.2,19.4,38.2,8,37.5,2024-08-11
27.7,24.8,24.81,45524.39,42952.62,5.06,0.7,0.7,16.4,33.8,8,37.9,2024-08-12
28.3,25.0,25.29,45482.76,42914.5,5.19,1.4,1.4,12.5,28.1,8,38.5,2024-08-13
27.9,25.5,22.58,45440.81,41112.81,4.58,9.3,9.3,12.9,28.4,8,38.9,2024-08-14
28.1,25.7,23.45,45398.58,37110.61,4.83,4.5,4.5,13.0,27.7,8,38.8,2024-08-15
28.0,25.5,19.75,45356.11,30587.79,4.2,4.5,4.5,10.8,24.8,8,39.3,2024-08-16
28.3,24.3,25.42,45313.44,42758.74,5.41,0.2,0.2,9.3,18.4,8,41.1,2024-08-17
28.4,25.0,23.2,45270.59,42501.81,4.99,0.9,0.9,10.5,20.5,8,40.6,2024-08-18
28.1,25.1,21.75,45227.59,39390.61,4.63,2.5,2.5,11.0,21.6,8,40.2,2024-08-19
28.0,25.3,22.32,45184.48,39384.14,4.67,3.7,3.7,11.3,25.9,8,39.5,2024-08-20
27.7,24.9,22.01,45141.0,39046.53,4.65,11.4,11.4,7.9,26.3,8,41.3,2024-08-21
27.7,24.1,21.72,45097.01,41878.21,4.51,1.1,1.1,7.1,21.6,8,39.8,2024-08-22
27.0,24.9,16.45,45052.56,24967.12,3.38,17.1,17.1,10.3,24.8,8,39.4,2024-08-23
26.1,24.5,8.16,45007.69,1033.58,1.78,16.7,16.7,12.2,22.3,8,34.3,2024-08-24
26.8,24.4,18.63,44962.42,28557.74,3.82,11.9,11.9,9.4,23.4,8,38.9,2024-08-25
26.8,24.8,18.65,44916.8,29528.55,3.81,13.1,13.1,10.9,32.0,8,38.3,2024-08-26
26.5,24.4,17.67,44870.86,31714.7,3.55,25.7,25.7,16.6,33.5,8,36.0,2024-08-27
25.9,24.8,8.64,44824.63,3970.42,1.81,20.3,20.3,14.2,29.9,8,33.0,2024-08-28
26.9,24.8,19.32,44778.16,36858.85,3.93,19.9,19.9,8.7,31.7,8,38.7,2024-08-29
27.1,25.4,20.66,44731.46,35189.87,4.19,19.3,19.3,9.4,27.0,8,39.1,2024-08-30
27.8,24.4,21.33,44684.59,40145.18,4.41,1.3,1.3,12.3,26.3,8,38.8,2024-08-31
26.5,23.4,16.45,44637.55,26942.06,3.43,36.5,36.5,9.5,21.6,9,38.4,2024-09-01
24.9,23.5,1.45,44590.4,0.0,0.63,106.7,106.7,20.5,39.2,9,30.2,2024-09-02
26.2,24.9,17.27,44543.16,22836.39,3.29,20.4,20.4,25.6,51.8,9,33.6,2024-09-03
25.8,25.0,8.29,44495.86,3600.0,1.76,32.1,32.1,23.1,51.5,9,30.4,2024-09-04
26.3,25.2,9.57,44448.54,6363.29,2.05,14.6,14.6,15.4,37.4,9,33.2,2024-09-05
26.7,24.6,12.11,44401.21,8201.16,2.56,2.6,2.6,7.8,32.8,9,35.3,2024-09-06
27.9,23.6,23.4,44353.92,39494.14,4.94,1.0,1.0,10.7,27.4,9,39.5,2024-09-07
27.8,23.9,24.37,44306.7,41475.23,5.12,0.1,0.1,11.9,25.6,9,38.2,2024-09-08
26.9,25.0,16.66,44259.56,27015.33,3.39,1.8,1.8,12.3,29.2,9,37.2,2024-09-09
27.3,24.7,23.79,44212.25,41714.34,4.63,3.7,3.7,17.9,36.4,9,37.6,2024-09-10
26.6,24.4,20.6,44164.63,38582.41,4.07,45.2,45.2,10.8,28.4,9,37.1,2024-09-11
26.6,24.6,17.23,44116.73,28502.03,3.45,17.6,17.6,17.2,34.6,9,37.4,2024-09-12
26.2,24.4,14.14,44068.6,19876.94,2.86,25.7,25.7,14.0,30.2,9,35.5,2024-09-13
26.6,24.8,17.98,44020.25,35697.49,3.58,15.8,15.8,10.9,25.2,9,37.5,2024-09-14
26.4,24.0,14.72,43971.73,22032.64,2.96,11.1,11.1,18.0,35.6,9,35.0,2024-09-15
26.7,24.2,13.78,43923.06,14654.9,2.95,6.1,6.1,17.3,34.2,9,34.3,2024-09-16
26.5,25.0,17.9,43874.28,32354.59,3.53,5.2,5.2,14.3,33.1,9,34.8,2024-09-17
26.3,24.6,14.33,43825.41,21349.77,2.89,19.6,19.6,14.5,37.8,9,35.5,2024-09-18
26.8,24.1,18.64,43776.48,30950.87,3.8,11.1,11.1,15.6,41.4,9,36.9,2024-09-19
26.8,24.9,14.36,43727.54,22347.42,3.06,5.4,5.4,13.5,31.0,9,34.2,2024-09-20
26.0,24.3,9.76,43678.6,6569.39,2.11,11.0,11.0,10.1,23.8,9,34.3,2024-09-21
26.5,24.5,16.36,43629.7,24576.15,3.39,3.8,3.8,11.2,22.7,9,36.5,2024-09-22
27.9,24.1,22.33,43580.87,40481.55,4.71,0.8,0.8,9.6,28.4,9,39.7,2024-09-23
27.0,24.0,22.4,43532.14,39814.75,4.61,4.5,4.5,12.7,28.8,9,40.9,2024-09-24
28.0,24.4,22.42,43483.53,40786.81,4.77,0.6,0.6,12.2,22.7,9,40.5,2024-09-25
27.8,24.4,21.59,43435.08,39918.77,4.51,4.1,4.1,10.0,20.2,9,39.5,2024-09-26
28.1,25.8,18.62,43386.82,30054.09,3.89,0.2,0.2,11.5,24.5,9,37.8,2024-09-27
28.1,24.5,18.33,43338.79,33551.88,4.13,0.5,0.5,18.6,36.0,9,35.9,2024-09-28
27.4,26.2,12.82,43291.0,14790.84,2.95,4.3,4.3,23.6,47.5,9,33.5,2024-09-29
27.0,25.6,17.66,43243.16,32691.34,3.66,5.0,5.0,25.1,49.0,9,33.7,2024-09-30
27.4,25.3,18.34,43195.16,34333.44,3.81,2.2,2.2,18.2,35.3,10,35.7,2024-10-01
27.6,24.2,22.22,43147.02,39233.43,4.54,0.0,0.0,12.8,28.1,10,37.2,2024-10-02
27.7,24.0,20.41,43098.76,38470.61,4.28,0.1,0.1,7.7,16.9,10,39.3,2024-10-03
27.1,24.8,19.53,43050.43,39220.9,3.93,6.5,6.5,7.9,27.4,10,38.4,2024-10-04
26.1,24.0,18.66,43002.07,35193.37,3.73,12.0,12.0,7.3,25.2,10,37.6,2024-10-05
25.6,23.7,12.1,42953.7,14596.36,2.4,6.4,6.4,6.9,27.4,10,34.9,2024-10-06
25.6,23.6,13.74,42905.36,23344.73,2.77,26.0,26.0,7.8,22.0,10,35.5,2024-10-07
26.8,24.2,16.84,42857.09,34354.07,3.43,5.4,5.4,7.9,20.5,10,36.7,2024-10-08
26.7,23.9,19.73,42808.9,36135.34,3.97,8.4,8.4,11.0,25.6,10,39.2,2024-10-09
26.5,24.1,19.04,42760.86,31976.29,3.85,14.8,14.8,9.0,22.0,10,37.9,2024-10-10
26.6,23.7,21.6,42712.98,39167.44,4.4,3.5,3.5,9.4,20.2,10,40.1,2024-10-11
26.4,23.7,19.46,42665.3,39158.08,3.94,6.2,6.2,10.6,23.8,10,39.3,2024-10-12
27.2,24.4,18.12,42617.86,39148.2,3.67,8.4,8.4,11.6,27.7,10,38.4,2024-10-13
27.5,24.6,18.56,42570.7,38066.57,3.85,2.2,2.2,10.9,29.2,10,37.2,2024-10-14
26.7,24.5,16.23,42523.85,30878.75,3.31,7.8,7.8,6.7,25.9,10,36.1,2024-10-15
27.3,23.9,20.92,42477.34,39114.97,4.31,3.1,3.1,8.4,19.8,10,38.1,2024-10-16
27.2,23.8,20.79,42431.22,39235.08,4.25,2.1,2.1,8.2,23.4,10,38.4,2024-10-17
26.9,24.0,19.67,42385.52,39093.38,3.92,11.7,11.7,8.6,28.4,10,38.0,2024-10-18
27.4,24.9,16.29,42340.27,36860.55,3.36,3.8,3.8,6.7,23.0,10,37.1,2024-10-19
27.3,24.3,19.38,42295.17,39061.2,4.1,24.3,24.3,9.5,31.7,10,38.0,2024-10-20
26.8,23.4,14.81,42250.06,30792.05,3.11,6.2,6.2,6.2,24.5,10,37.0,2024-10-21
26.6,23.9,10.29,42204.98,3060.16,2.39,17.6,17.6,15.9,32.0,10,34.6,2024-10-22
27.31050156739812,23.9,18.709644723092996,42159.98,34727.14467084639,4.171870428422152,6.065673981191223,6.065673981191223,16.2,32.8,10,31.9,2024-10-23
27.31050156739812,24.164405010438415,18.709644723092996,42115.09,34727.14467084639,4.171870428422152,6.065673981191223,6.065673981191223,14.6508872651357,34.730584551148226,10,36.18121085594989,2024-10-24
27.0,25.0,16.94,42070.35,32400.0,3.85,11.9,11.9,26.4,54.4,10,34.9,2024-10-25
26.4,23.4,19.75,42025.8,38963.27,3.94,2.7,2.7,11.2,27.0,10,35.6,2024-10-26
26.2,24.1,17.12,41981.5,38680.16,3.44,4.0,4.0,15.6,31.0,10,35.0,2024-10-27
26.7,23.7,15.95,41937.46,24736.14,3.45,0.2,0.2,14.5,30.2,10,34.5,2024-10-28
27.1,24.3,11.77,41893.75,15268.08,2.96,0.0,0.0,20.9,40.0,10,32.4,2024-10-29
27.0,25.5,12.33,41850.39,14776.15,3.09,1.6,1.6,22.2,45.7,10,32.4,2024-10-30
26.3,24.8,12.23,41807.45,18801.04,2.58,13.1,13.1,21.8,43.9,10,32.4,2024-10-31
26.7,24.3,19.49,41764.95,38845.39,3.91,2.8,2.8,11.4,25.9,11,38.0,2024-11-01
27.1,22.7,19.27,41722.95,38823.74,3.96,0.2,0.2,9.9,28.8,11,38.1,2024-11-02
27.3,23.8,19.68,41681.49,38801.5,4.13,1.0,1.0,12.0,31.0,11,36.7,2024-11-03
27.1,23.6,19.94,41640.61,38778.69,4.13,1.9,1.9,11.0,27.4,11,37.8,2024-11-04
26.5,23.4,19.89,41600.37,38755.29,4.11,18.1,18.1,11.0,25.9,11,38.7,2024-11-05
26.1,23.4,17.47,41560.8,33891.98,3.5,5.3,5.3,10.9,25.9,11,36.5,2024-11-06
26.5,24.0,17.97,41521.97,34700.64,3.58,1.4,1.4,11.9,28.8,11,37.1,2024-11-07
26.6,23.0,18.6,41483.91,38681.56,3.71,9.2,9.2,13.4,32.0,11,36.6,2024-11-08
26.5,22.8,18.9,41446.3,38655.71,3.82,3.2,3.2,8.5,22.7,11,38.8,2024-11-09
26.9,23.4,16.57,41409.0,35472.35,3.45,1.5,1.5,12.0,32.8,11,36.1,2024-11-10
26.8,24.7,9.98,41372.05,8707.73,2.35,1.3,1.3,23.7,45.0,11,33.4,2024-11-11
27.4,24.0,19.45,41335.48,38573.5,3.99,9.2,9.2,8.5,21.6,11,38.2,2024-11-12
28.1,25.1,16.42,41299.35,36840.66,3.54,2.3,2.3,10.3,36.7,11,39.2,2024-11-13
28.1,25.3,16.0,41263.69,32347.03,3.52,0.5,0.5,13.3,35.6,11,36.7,2024-11-14
29.0,24.6,20.18,41228.55,38485.3,4.45,0.0,0.0,6.5,22.3,11,39.2,2024-11-15
29.5,24.5,19.13,41193.97,36592.11,4.34,0.2,0.2,9.6,23.0,11,39.5,2024-11-16
26.9,25.0,3.23,41159.99,0.0,1.39,15.4,15.4,22.7,53.6,11,33.1,2024-11-17
27.8,25.2,17.81,41126.67,36000.0,3.87,0.2,0.2,14.3,36.4,11,37.0,2024-11-18
27.6,23.9,19.42,41094.04,38360.59,4.14,0.1,0.1,11.2,31.0,11,36.8,2024-11-19
27.6,23.1,19.46,41062.15,38328.47,4.29,0.0,0.0,10.3,27.4,11,37.7,2024-11-20
28.2,24.2,20.15,41031.05,38296.06,4.61,0.3,0.3,11.6,32.4,11,37.4,2024-11-21
28.6,23.9,19.29,41000.79,38263.42,4.55,0.0,0.0,11.3,34.2,11,37.1,2024-11-22
28.7,24.8,19.12,40971.41,38230.61,4.43,0.0,0.0,13.0,39.2,11,37.2,2024-11-23
28.8,25.2,19.18,40942.95,38197.66,4.5,0.0,0.0,15.6,49.0,11,36.2,2024-11-24
29.0,25.9,17.75,40915.48,38164.64,4.16,0.1,0.1,13.5,42.5,11,37.2,2024-11-25
29.3,25.6,19.01,40889.03,38131.59,4.57,0.3,0.3,11.2,32.8,11,38.1,2024-11-26
29.2,24.7,19.26,40863.66,38098.57,4.57,0.0,0.0,12.7,35.6,11,38.5,2024-11-27
29.2,25.5,18.06,40839.41,38065.62,4.29,0.7,0.7,14.1,39.6,11,37.2,2024-11-28
28.4,26.4,11.74,40816.05,32893.12,2.94,2.1,2.1,14.7,45.0,11,34.3,2024-11-29
27.7,24.9,14.48,40793.46,32745.81,3.42,9.4,9.4,13.7,43.6,11,34.1,2024-11-30
24.3,23.2,3.02,40771.68,0.0,0.71,64.5,64.5,10.2,30.6,12,30.7,2024-12-01
25.2,23.3,7.88,40750.71,7706.98,1.7,16.6,16.6,9.7,27.4,12,32.8,2024-12-02
26.4,24.4,13.53,40730.6,36000.0,2.72,12.3,12.3,6.0,23.4,12,36.7,2024-12-03
26.7,25.0,15.22,40711.37,37425.91,3.07,6.1,6.1,7.9,26.3,12,37.7,2024-12-04
26.8,23.7,17.89,40693.04,37821.86,3.56,0.3,0.3,5.6,18.7,12,36.9,2024-12-05
27.4,24.4,18.1,40675.65,37785.8,3.79,0.3,0.3,8.6,23.0,12,38.0,2024-12-06
27.8,25.2,15.6,40659.22,37404.68,3.21,1.3,1.3,6.3,23.0,12,38.1,2024-12-07
27.8,25.0,16.11,40643.78,36833.15,3.42,1.2,1.2,10.2,36.4,12,36.8,2024-12-08
27.1,25.1,12.4,40629.36,28183.14,2.68,2.6,2.6,10.6,28.8,12,34.3,2024-12-09
26.6,25.1,8.66,40615.96,6344.36,1.9,4.7,4.7,8.4,27.0,12,33.9,2024-12-10
26.4,23.1,13.33,40603.64,33925.57,2.8,15.3,15.3,12.4,34.9,12,34.7,2024-12-11
27.0,24.6,15.15,40592.42,36393.54,3.22,0.1,0.1,13.0,41.0,12,34.4,2024-12-12
27.6,24.5,17.94,40582.32,36289.57,3.86,0.3,0.3,10.5,36.0,12,36.5,2024-12-13
27.9,24.3,18.32,40573.36,36397.0,4.12,0.0,0.0,11.0,37.1,12,36.9,2024-12-14
27.8,25.0,16.59,40565.57,36604.41,3.73,0.0,0.0,11.0,42.8,12,34.6,2024-12-15
27.2,25.2,12.05,40558.98,31182.04,2.9,0.0,0.0,9.8,38.9,12,32.5,2024-12-16
26.4,24.4,9.43,40553.61,13674.8,2.17,2.6,2.6,11.0,30.2,12,32.4,2024-12-17
26.5,23.6,12.59,40549.49,23038.71,2.82,3.8,3.8,13.9,36.4,12,33.2,2024-12-18
27.7,25.0,15.94,40546.58,36107.02,3.7,0.0,0.0,12.5,35.3,12,33.9,2024-12-19
27.8,24.4,16.03,40544.84,36399.85,3.71,0.0,0.0,13.5,39.2,12,34.6,2024-12-20
26.6,24.4,8.06,40544.25,14180.03,1.85,14.5,14.5,8.5,31.7,12,33.0,2024-12-21
26.5,24.9,12.98,40544.82,35117.36,2.84,0.0,0.0,11.1,31.3,12,32.2,2024-12-22
26.4,24.5,11.1,40546.54,20361.95,2.54,0.1,0.1,12.6,38.5,12,32.4,2024-12-23
25.9,24.3,10.62,40549.39,20298.28,2.23,52.7,52.7,8.1,35.6,12,34.6,2024-12-24
24.4,23.5,4.61,40553.36,203.05,0.99,19.7,19.7,8.0,32.8,12,30.7,2024-12-25
26.3,23.0,16.17,40558.43,34322.43,3.3,0.6,0.6,11.4,30.2,12,35.2,2024-12-26
26.6,23.9,17.34,40564.61,36000.0,3.59,2.3,2.3,10.0,27.0,12,36.0,2024-12-27
25.7,24.2,14.16,40571.88,30193.66,2.85,7.6,7.6,9.8,31.7,12,35.0,2024-12-28
25.7,24.0,11.65,40580.21,27165.57,2.42,1.8,1.8,9.5,25.6,12,31.9,2024-12-29
25.9,23.9,12.52,40589.61,30020.79,2.53,9.9,9.9,9.0,30.6,12,34.9,2024-12-30
27.0,23.8,17.43,40600.07,36000.0,3.62,1.1,1.1,8.1,23.0,12,36.6,2024-12-31
26.5,24.4,13.85,40611.55,34109.05,2.86,1.2,1.2,7.6,31.3,1,34.7,2025-01-01
26.8,24.3,15.72,40624.06,36000.0,3.26,3.7,3.7,9.2,32.0,1,35.9,2025-01-02
25.7,23.5,13.07,40637.58,25832.25,2.65,11.7,11.7,6.8,21.6,1,36.3,2025-01-03
26.1,23.0,17.13,40652.09,36000.0,3.48,0.8,0.8,10.5,21.2,1,36.8,2025-01-04
25.7,23.4,15.24,40667.59,36000.0,3.24,0.0,0.0,10.6,31.0,1,32.2,2025-01-05
25.4,22.5,15.88,40684.05,36217.18,3.15,3.8,3.8,7.0,25.6,1,35.4,2025-01-06
26.0,23.2,17.06,40701.48,36129.76,3.48,1.3,1.3,10.6,34.9,1,34.9,2025-01-07
25.8,23.0,14.73,40720.03,36126.4,3.05,0.0,0.0,8.9,25.9,1,33.0,2025-01-08
26.0,23.2,16.97,40739.79,36391.6,3.54,0.1,0.1,13.8,37.1,1,32.8,2025-01-09
26.0,23.3,16.1,40760.69,36118.56,3.36,0.2,0.2,7.8,21.6,1,34.2,2025-01-10
25.8,23.6,11.89,40782.72,33447.53,2.61,1.6,1.6,7.8,25.9,1,32.3,2025-01-11
24.6,22.7,8.51,40805.82,8883.11,1.91,2.7,2.7,9.7,23.0,1,30.7,2025-01-12
24.8,22.7,10.56,40829.94,15755.95,2.21,2.5,2.5,9.7,25.2,1,31.0,2025-01-13
25.6,23.4,10.45,40855.05,13852.69,2.24,0.1,0.1,10.1,28.1,1,32.2,2025-01-14
26.5,23.4,17.68,40881.1,36192.5,3.68,1.2,1.2,11.4,29.5,1,36.0,2025-01-15
26.0,23.1,16.35,40908.05,36693.12,3.38,0.0,0.0,7.8,24.8,1,33.7,2025-01-16
26.1,22.9,15.92,40935.86,36183.18,3.4,0.0,0.0,10.0,30.6,1,33.5,2025-01-17
26.5,23.7,16.04,40964.49,36067.33,3.4,1.7,1.7,13.7,40.7,1,33.8,2025-01-18
26.9,23.9,16.7,40993.89,36706.88,3.44,3.2,3.2,5.1,20.9,1,36.0,2025-01-19
27.0,23.4,16.03,41024.03,35735.05,3.42,0.9,0.9,9.4,25.2,1,35.6,2025-01-20
27.2,23.6,18.64,41054.86,37099.34,4.09,1.4,1.4,11.9,33.5,1,35.5,2025-01-21
27.5,24.0,18.13,41086.34,37364.22,4.23,0.1,0.1,12.1,36.0,1,34.6,2025-01-22
27.8,23.9,18.23,41118.44,37216.84,4.25,0.5,0.5,12.1,36.0,1,36.6,2025-01-23
28.1,24.6,17.36,41151.11,37376.86,3.87,1.5,1.5,8.7,25.9,1,37.2,2025-01-24
27.8,23.2,20.04,41184.32,37854.57,4.42,0.0,0.0,10.3,29.9,1,39.1,2025-01-25
27.6,24.1,17.77,41218.03,37788.03,4.06,0.0,0.0,11.0,29.5,1,35.9,2025-01-26
26.3,22.9,17.71,41252.2,37890.57,3.75,0.7,0.7,10.5,27.4,1,34.5,2025-01-27
25.8,22.1,16.29,41287.14,37043.22,3.73,0.2,0.2,11.3,32.0,1,32.8,2025-01-28
26.0,23.3,14.8,41322.98,35559.29,3.33,0.0,0.0,11.1,33.8,1,31.9,2025-01-29
24.8,23.3,9.76,41359.68,19657.97,2.32,21.5,21.5,12.6,38.9,1,30.1,2025-01-30
25.3,22.8,12.95,41397.17,26718.7,2.68,2.8,2.8,13.7,35.3,1,32.3,2025-01-31
27.2,23.6,21.24,41435.42,38035.33,4.58,0.0,0.0,12.7,34.6,2,35.8,2025-02-01
27.0,21.2,20.56,41474.36,38206.11,4.51,0.0,0.0,11.2,28.4,2,38.1,2025-02-02
27.4,23.0,17.65,41513.96,38219.05,3.92,0.3,0.3,10.4,27.0,2,36.7,2025-02-03
26.8,24.0,12.67,41554.16,28860.22,2.99,0.2,0.2,12.3,34.2,2,33.0,2025-02-04
26.7,23.7,17.3,41594.91,37408.27,3.83,0.0,0.0,13.7,46.8,2,33.1,2025-02-05
26.8,23.5,15.94,41636.18,32400.0,3.65,4.8,4.8,11.2,37.8,2,34.7,2025-02-06
26.2,24.2,9.3,41677.9,4615.85,2.11,5.2,5.2,8.6,32.0,2,33.1,2025-02-07
25.8,23.8,13.45,41720.04,24610.79,2.85,7.8,7.8,9.6,38.2,2,32.8,2025-02-08
24.8,22.7,14.0,41762.55,29708.66,2.87,7.2,7.2,8.7,30.6,2,31.5,2025-02-09
24.5,23.0,9.37,41805.38,11653.63,1.98,26.3,26.3,7.6,28.8,2,31.5,2025-02-10
25.1,22.9,12.58,41848.5,24936.93,2.58,8.3,8.3,11.6,41.4,2,31.9,2025-02-11
26.6,23.4,22.19,41891.86,38296.7,4.65,0.0,0.0,14.5,37.4,2,34.9,2025-02-12
25.6,22.4,18.46,41935.41,36936.18,3.69,1.2,1.2,8.6,25.9,2,38.0,2025-02-13
25.8,24.2,12.55,41979.11,25458.88,2.54,10.5,10.5,5.8,22.0,2,34.2,2025-02-14
26.2,23.1,18.52,42022.93,34415.94,3.8,14.2,14.2,10.9,28.1,2,37.7,2025-02-15
26.9,24.1,19.12,42066.82,38586.31,3.86,2.6,2.6,10.4,30.2,2,36.5,2025-02-16
27.1,23.6,20.0,42111.12,38824.4,4.13,2.6,2.6,9.9,33.1,2,37.2,2025-02-17
26.6,23.9,18.53,42155.98,37938.37,3.8,4.3,4.3,10.5,29.2,2,35.6,2025-02-18
26.3,23.4,18.54,42201.36,38546.35,3.84,0.3,0.3,9.7,27.0,2,34.6,2025-02-19
25.7,23.0,16.6,42247.21,36276.5,3.51,4.5,4.5,14.1,42.8,2,32.5,2025-02-20
25.7,23.7,14.31,42293.49,27335.71,3.09,0.3,0.3,11.1,34.9,2,32.4,2025-02-21
26.2,23.3,21.79,42340.17,38824.38,4.67,0.0,0.0,16.4,45.7,2,33.3,2025-02-22
26.5,22.8,21.32,42387.2,36607.09,4.66,0.0,0.0,14.6,38.5,2,34.3,2025-02-23
26.5,22.4,21.78,42434.54,39145.93,4.83,0.0,0.0,15.7,48.6,2,33.6,2025-02-24
26.7,23.7,19.48,42482.14,38569.5,4.52,0.0,0.0,18.9,50.4,2,33.1,2025-02-25
26.9,23.6,19.92,42529.97,38797.98,4.85,0.0,0.0,16.4,44.6,2,33.6,2025-02-26
26.6,22.5,23.24,42577.99,38991.61,5.44,0.0,0.0,13.0,38.9,2,34.1,2025-02-27
27.0,22.7,20.35,42626.16,39724.68,5.04,0.0,0.0,17.9,47.9,2,33.6,2025-02-28
28.3,23.3,22.11,42674.45,37258.34,5.4,0.1,0.1,18.7,49.7,3,36.9,2025-03-01
29.3,25.1,22.78,42722.81,39025.12,5.72,0.0,0.0,16.8,46.4,3,38.1,2025-03-02
28.8,25.1,21.14,42771.2,34567.31,5.26,2.0,2.0,16.8,45.4,3,37.7,2025-03-03
28.2,25.8,20.44,42819.6,36585.37,4.76,2.2,2.2,15.4,41.8,3,36.7,2025-03-04
28.5,24.4,22.5,42867.95,40147.78,4.91,0.5,0.5,10.5,31.3,3,40.4,2025-03-05
29.2,24.3,22.25,42916.23,40168.05,4.97,0.6,0.6,9.6,24.5,3,41.0,2025-03-06
28.8,25.4,18.98,42964.39,39851.46,4.59,0.8,0.8,14.3,45.0,3,36.6,2025-03-07
27.0,23.8,12.87,43012.42,27130.03,2.78,18.0,18.0,8.3,23.8,3,35.5,2025-03-08
27.1,24.6,18.48,43060.6,34544.5,3.93,7.1,7.1,15.1,45.7,3,34.7,2025-03-09
28.0,25.1,21.25,43109.09,39200.22,4.72,0.0,0.0,16.7,50.8,3,36.2,2025-03-10
29.0,25.5,21.02,43157.87,39789.39,5.0,2.6,2.6,15.0,44.3,3,38.4,2025-03-11
29.3,25.8,23.3,43206.89,40715.11,5.8,0.9,0.9,17.8,47.9,3,37.4,2025-03-12
29.5,25.3,24.39,43256.11,40765.23,6.04,0.0,0.0,15.8,43.9,3,37.3,2025-03-13
28.9,24.4,23.79,43305.52,40815.41,5.96,0.0,0.0,14.8,41.8,3,36.7,2025-03-14
29.1,24.0,19.75,43355.07,40865.66,5.12,0.0,0.0,13.0,37.4,3,36.9,2025-03-15
29.0,24.0,23.22,43404.72,40915.91,5.4,0.0,0.0,14.2,41.0,3,37.8,2025-03-16
29.0,25.4,22.35,43454.46,40333.89,5.38,0.3,0.3,15.1,45.0,3,36.7,2025-03-17
29.3,25.7,22.17,43504.23,40594.02,5.15,1.3,1.3,10.2,30.6,3,39.8,2025-03-18
28.9,25.6,20.98,43554.03,37835.08,5.0,0.3,0.3,13.9,42.1,3,37.7,2025-03-19
28.0,25.6,17.6,43603.79,34034.82,4.46,0.2,0.2,17.1,48.6,3,33.6,2025-03-20
27.4,25.1,16.51,43653.5,36539.54,4.0,0.0,0.0,14.7,40.7,3,33.3,2025-03-21
27.4,24.1,19.48,43703.12,37943.21,4.8,0.0,0.0,12.8,34.2,3,34.8,2025-03-22
27.2,22.8,17.14,43752.62,37600.22,4.28,0.0,0.0,12.1,33.8,3,34.0,2025-03-23
28.6,23.7,19.51,43801.96,40976.95,4.44,1.1,1.1,7.5,24.5,3,37.5,2025-03-24
29.9,26.0,23.42,43851.11,40533.68,5.84,0.1,0.1,15.4,42.5,3,40.2,2025-03-25
30.1,25.0,22.9,43900.04,41411.62,5.8,0.4,0.4,18.3,47.5,3,40.0,2025-03-26
30.2,26.7,21.84,43948.71,40314.16,5.49,0.8,0.8,14.5,41.4,3,39.4,2025-03-27
29.9,27.0,21.86,43997.09,38761.53,5.1,19.0,19.0,12.2,37.8,3,40.9,2025-03-28
27.4,25.5,11.43,44045.47,13136.71,2.85,2.8,2.8,14.6,38.2,3,34.7,2025-03-29
28.3,25.3,20.88,44093.99,40988.09,4.78,3.0,3.0,13.1,38.9,3,37.9,2025-03-30
27.31050156739812,25.0,18.709644723092996,44142.61,34727.14467084639,4.171870428422152,6.065673981191223,6.065673981191223,8.5,19.1,3,32.5,2025-03-31
